"gene","mean_cnv","chr","start","stop","alteration","mean_solid","mean_ascites","solid_status","ascites_status","shared","site_specific"
"SAMD11",1.0198964876937,"chr1",923923,944575,"Neutral",1.01239751648468,1.04355146682061,"Neutral","Neutral",FALSE,FALSE
"HES4",1.01833887955804,"chr1",998962,1000172,"Neutral",1.01086454003423,1.04191615976026,"Neutral","Neutral",FALSE,FALSE
"ISG15",1.0169319535822,"chr1",1001138,1014540,"Neutral",1.00952582081828,1.04029408034048,"Neutral","Neutral",FALSE,FALSE
"AGRN",1.0157299996309,"chr1",1020120,1056118,"Neutral",1.00845767893884,1.03867002558646,"Neutral","Neutral",FALSE,FALSE
"TNFRSF18",1.01429624032273,"chr1",1203508,1206592,"Neutral",1.00713880164995,1.03687387899979,"Neutral","Neutral",FALSE,FALSE
"TNFRSF4",1.01317992372881,"chr1",1211326,1214153,"Neutral",1.00609069690245,1.03554239291681,"Neutral","Neutral",FALSE,FALSE
"MXRA8",1.01232694858109,"chr1",1352689,1361777,"Neutral",1.00529417548077,1.03451133844677,"Neutral","Neutral",FALSE,FALSE
"ANKRD65",1.01143271542291,"chr1",1418420,1421769,"Neutral",1.00448970525077,1.03333395442251,"Neutral","Neutral",FALSE,FALSE
"VWA1",1.01047137125769,"chr1",1434861,1442882,"Neutral",1.00353979488794,1.03233654312899,"Neutral","Neutral",FALSE,FALSE
"MMP23B",1.00925721792889,"chr1",1632163,1635263,"Neutral",1.00239506914293,1.03090338535283,"Neutral","Neutral",FALSE,FALSE
"MMEL1",1.0080487603965,"chr1",2590639,2633016,"Neutral",1.00132742049138,1.02925075607417,"Neutral","Neutral",FALSE,FALSE
"SMIM1",1.00684178004971,"chr1",3772749,3775982,"Neutral",1.00024256736829,1.02765853395931,"Neutral","Neutral",FALSE,FALSE
"KCNAB2",1.00517625930376,"chr1",5990927,6101193,"Neutral",0.998686609265727,1.02564740553327,"Neutral","Neutral",FALSE,FALSE
"RPL22",1.0036855275459,"chr1",6185020,6209389,"Neutral",0.997291726102531,1.0238543261009,"Neutral","Neutral",FALSE,FALSE
"RNF207",1.00185580882393,"chr1",6205475,6221299,"Neutral",0.99554461860756,1.02176401605306,"Neutral","Neutral",FALSE,FALSE
"ACOT7",1.00024506686915,"chr1",6264269,6393767,"Neutral",0.993975546692256,1.0200218288791,"Neutral","Neutral",FALSE,FALSE
"ESPN",0.998656137922235,"chr1",6424776,6461367,"Neutral",0.992418896188761,1.01833107984459,"Neutral","Neutral",FALSE,FALSE
"TNFRSF25",0.996983127358133,"chr1",6460786,6466175,"Neutral",0.9907482669661,1.01665055750581,"Neutral","Neutral",FALSE,FALSE
"ERRFI1",0.995680443339037,"chr1",8004404,8026309,"Neutral",0.989509330140864,1.01514678743129,"Neutral","Neutral",FALSE,FALSE
"ENO1",0.994447682941634,"chr1",8861000,8879190,"Neutral",0.988319829159895,1.01377756823651,"Neutral","Neutral",FALSE,FALSE
"SLC2A5",0.992954455480282,"chr1",9035106,9088478,"Neutral",0.986809600627595,1.01233796946197,"Neutral","Neutral",FALSE,FALSE
"GPR157",0.991568546833442,"chr1",9100305,9129102,"Neutral",0.985380705802105,1.01108765770307,"Neutral","Neutral",FALSE,FALSE
"SPSB1",0.990238003299798,"chr1",9292894,9369532,"Neutral",0.984012115265894,1.00987713077257,"Neutral","Neutral",FALSE,FALSE
"CASZ1",0.988920805744047,"chr1",10636604,10796650,"Neutral",0.982615961067102,1.00880899641376,"Neutral","Neutral",FALSE,FALSE
"SRM",0.987470027337741,"chr1",11054584,11060020,"Neutral",0.981087711842289,1.00760259427503,"Neutral","Neutral",FALSE,FALSE
"FBXO2",0.986092365700398,"chr1",11637018,11655785,"Neutral",0.979655437867966,1.00639720342728,"Neutral","Neutral",FALSE,FALSE
"TNFRSF1B",0.98459899471786,"chr1",12166991,12209228,"Neutral",0.978129173896226,1.00500759107393,"Neutral","Neutral",FALSE,FALSE
"DHRS3",0.983572820393019,"chr1",12567910,12618210,"Neutral",0.977028296816739,1.00421706135321,"Neutral","Neutral",FALSE,FALSE
"KAZN",0.98255356489651,"chr1",13892792,15118043,"Neutral",0.975995909791377,1.00323922834417,"Neutral","Neutral",FALSE,FALSE
"TMEM51",0.981336577690951,"chr1",15152532,15220478,"Neutral",0.974763425127077,1.0020711267861,"Neutral","Neutral",FALSE,FALSE
"EFHD2",0.980112581332419,"chr1",15409888,15430339,"Neutral",0.973469700423771,1.00106708360437,"Neutral","Neutral",FALSE,FALSE
"FBLIM1",0.979282968468648,"chr1",15756607,15786594,"Neutral",0.972667736360291,1.0001502545378,"Neutral","Neutral",FALSE,FALSE
"EPHA2",0.978543951837083,"chr1",16124337,16156069,"Neutral",0.97192882211798,0.999410914926511,"Neutral","Neutral",FALSE,FALSE
"MFAP2",0.977911516051344,"chr1",16974502,16980632,"Neutral",0.971284081338008,0.998817294382704,"Neutral","Neutral",FALSE,FALSE
"NBL1",0.977155387606298,"chr1",19596979,19658456,"Neutral",0.970485946552388,0.998193671995059,"Neutral","Neutral",FALSE,FALSE
"CAMK2N1",0.976417666678701,"chr1",20482391,20486210,"Neutral",0.969747099743464,0.997459502581207,"Neutral","Neutral",FALSE,FALSE
"ECE1",0.975837779699532,"chr1",21217247,21345572,"Neutral",0.96921592904735,0.99672594350133,"Neutral","Neutral",FALSE,FALSE
"ALPL",0.975232319603195,"chr1",21509397,21578410,"Neutral",0.968673139273357,0.9959227942653,"Neutral","Neutral",FALSE,FALSE
"HSPG2",0.974756834052383,"chr1",21822244,21937310,"Neutral",0.968224316987117,0.995363201315042,"Neutral","Neutral",FALSE,FALSE
"C1QA",0.974312912771184,"chr1",22635077,22639678,"Neutral",0.967844018774898,0.994718585521651,"Neutral","Neutral",FALSE,FALSE
"C1QC",0.974214767719756,"chr1",22643014,22648110,"Neutral",0.967797891781272,0.994456353152482,"Neutral","Neutral",FALSE,FALSE
"C1QB",0.974570970880256,"chr1",22652762,22661637,"Neutral",0.968263190667246,0.994468421492751,"Neutral","Neutral",FALSE,FALSE
"EPHB2",0.975516411447236,"chr1",22710839,22921500,"Neutral",0.969367265433824,0.994913461594692,"Neutral","Neutral",FALSE,FALSE
"TCEA3",0.976525637235719,"chr1",23380909,23424748,"Neutral",0.970555834315641,0.995356962164189,"Neutral","Neutral",FALSE,FALSE
"ID3",0.977479144622007,"chr1",23557926,23559501,"Neutral",0.971688293877504,0.995745977454171,"Neutral","Neutral",FALSE,FALSE
"RPL11",0.978341301844522,"chr1",23691742,23696835,"Neutral",0.972681307920488,0.996195356007377,"Neutral","Neutral",FALSE,FALSE
"GALE",0.979207021522297,"chr1",23795599,23800781,"Neutral",0.973728677778499,0.99648807292223,"Neutral","Neutral",FALSE,FALSE
"FUCA1",0.97994946629048,"chr1",23845077,23868290,"Neutral",0.974669873624716,0.996603571343866,"Neutral","Neutral",FALSE,FALSE
"CLIC4",0.980721852870443,"chr1",24745382,24844321,"Neutral",0.975628170831349,0.996789515881212,"Neutral","Neutral",FALSE,FALSE
"RUNX3",0.981434213632667,"chr1",24899511,24965121,"Neutral",0.976515335544575,0.996950469830818,"Neutral","Neutral",FALSE,FALSE
"STMN1",0.982367915054543,"chr1",25884181,25906991,"Neutral",0.977628605695275,0.997317734282374,"Neutral","Neutral",FALSE,FALSE
"SH3BGRL3",0.983256551003521,"chr1",26280086,26281522,"Neutral",0.978659782890357,0.997756733860262,"Neutral","Neutral",FALSE,FALSE
"HMGN2",0.984922106021307,"chr1",26472440,26476642,"Neutral",0.980592977070935,0.99857803989603,"Neutral","Neutral",FALSE,FALSE
"SFN",0.986594156013176,"chr1",26863149,26864456,"Neutral",0.982498465133848,0.999513725852878,"Neutral","Neutral",FALSE,FALSE
"TRNP1",0.988185101674139,"chr1",26993692,27000886,"Neutral",0.984324164225842,1.00036415826793,"Neutral","Neutral",FALSE,FALSE
"IFI6",0.989618584647982,"chr1",27666064,27672212,"Neutral",0.985900071065931,1.00134837513722,"Neutral","Neutral",FALSE,FALSE
"THEMIS2",0.991197662406111,"chr1",27872543,27886685,"Neutral",0.987675816311792,1.00230707908839,"Neutral","Neutral",FALSE,FALSE
"SMPDL3B",0.992606320931462,"chr1",27935000,27959157,"Neutral",0.989248152838788,1.00319942682862,"Neutral","Neutral",FALSE,FALSE
"PTAFR",0.993892323544844,"chr1",28147166,28193936,"Neutral",0.990655823488677,1.00410163614773,"Neutral","Neutral",FALSE,FALSE
"SESN2",0.995232936673187,"chr1",28259518,28282491,"Neutral",0.992095247621478,1.00513055688751,"Neutral","Neutral",FALSE,FALSE
"SNHG12",0.996555345642538,"chr1",28578538,28583132,"Neutral",0.993499442804395,1.006194976978,"Neutral","Neutral",FALSE,FALSE
"RAB42",0.99787164509634,"chr1",28592200,28595449,"Neutral",0.994898318363402,1.00725079589513,"Neutral","Neutral",FALSE,FALSE
"LAPTM5",0.999251522574016,"chr1",30732469,30757774,"Neutral",0.996345409505215,1.00841865257984,"Neutral","Neutral",FALSE,FALSE
"SDC3",1.00111845500547,"chr1",30869466,30908758,"Neutral",0.99821782943542,1.01026827508106,"Neutral","Neutral",FALSE,FALSE
"FABP3",1.00296302109098,"chr1",31365253,31376850,"Neutral",1.00011331668491,1.01195221392352,"Neutral","Neutral",FALSE,FALSE
"SERINC2",1.00480669492511,"chr1",31409565,31434680,"Neutral",1.00195110921826,1.01381443990877,"Neutral","Neutral",FALSE,FALSE
"TINAGL1",1.00670680805625,"chr1",31576485,31587686,"Neutral",1.0039096017503,1.01553039931118,"Neutral","Neutral",FALSE,FALSE
"LCK",1.00859113349868,"chr1",32251244,32286165,"Neutral",1.00581883351735,1.01733615949815,"Neutral","Neutral",FALSE,FALSE
"MARCKSL1",1.0108309114633,"chr1",32333839,32336233,"Neutral",1.00815031254597,1.01928667288305,"Neutral","Neutral",FALSE,FALSE
"KIAA1522",1.01287888124719,"chr1",32741830,32774970,"Neutral",1.0102651175736,1.02112381557457,"Neutral","Neutral",FALSE,FALSE
"TMEM54",1.01497590531087,"chr1",32894594,32901438,"Neutral",1.01242293626032,1.0230290672606,"Neutral","Neutral",FALSE,FALSE
"RNF19B",1.01741147703889,"chr1",32936445,32964809,"Neutral",1.01500437005858,1.02500452731051,"Neutral","Neutral",FALSE,FALSE
"CLSPN",1.02000906717457,"chr1",35720218,35769978,"Neutral",1.01771334649611,1.02725075716333,"Neutral","Neutral",FALSE,FALSE
"EVA1B",1.0226952443659,"chr1",36322030,36324154,"Neutral",1.02064139228599,1.02917397681142,"Neutral","Neutral",FALSE,FALSE
"CSF3R",1.02549310109053,"chr1",36466043,36483278,"Neutral",1.02365992807654,1.03127571688851,"Neutral","Neutral",FALSE,FALSE
"ZC3H12A",1.02860700629892,"chr1",37474580,37484377,"Neutral",1.02696757826151,1.03377846714658,"Neutral","Neutral",FALSE,FALSE
"DNALI1",1.0321694809692,"chr1",37556919,37566857,"Neutral",1.03076242128416,1.03660795213439,"Neutral","Neutral",FALSE,FALSE
"CDCA8",1.03596396338283,"chr1",37692481,37709719,"Neutral",1.03475975520747,1.03976255367723,"Neutral","Neutral",FALSE,FALSE
"MYCL",1.03978067421726,"chr1",39895428,39902256,"Neutral",1.03884090401583,1.04274511345559,"Neutral","Neutral",FALSE,FALSE
"PPT1",1.04372945507652,"chr1",40072710,40097260,"Neutral",1.04313627108245,1.04560061241357,"Neutral","Neutral",FALSE,FALSE
"COL9A2",1.04840124544567,"chr1",40300489,40317813,"Neutral",1.04803312166116,1.0495624661246,"Neutral","Neutral",FALSE,FALSE
"CITED4",1.05315458355586,"chr1",40861054,40862363,"Gain",1.0530160643573,1.05359153265983,"Gain","Gain",TRUE,FALSE
"YBX1",1.05783890268779,"chr1",42682418,42703805,"Gain",1.05792947379617,1.05755320247393,"Gain","Gain",TRUE,FALSE
"SLC2A1",1.06195526078556,"chr1",42925353,42958893,"Gain",1.06229729664869,1.06087633262629,"Gain","Gain",TRUE,FALSE
"TMEM125",1.06608046782803,"chr1",43269983,43274002,"Gain",1.06669185303228,1.06415189604906,"Gain","Gain",TRUE,FALSE
"CDC20",1.07008523317073,"chr1",43358981,43363203,"Gain",1.07100844120113,1.06717303814023,"Gain","Gain",TRUE,FALSE
"PTPRF",1.07413622674718,"chr1",43525187,43623666,"Gain",1.07539542639594,1.07016416970389,"Gain","Gain",TRUE,FALSE
"KIF2C",1.07776528317451,"chr1",44739818,44767767,"Gain",1.07924828230813,1.07308726634081,"Gain","Gain",TRUE,FALSE
"RPS8",1.08147789681443,"chr1",44775251,44778779,"Gain",1.0832497158906,1.07588881771342,"Gain","Gain",TRUE,FALSE
"PRDX1",1.08475532692097,"chr1",45510914,45542732,"Gain",1.08677352946211,1.07838904844706,"Gain","Gain",TRUE,FALSE
"PIK3R3",1.08738268632872,"chr1",46040140,46133036,"Gain",1.08960329943719,1.08037791790571,"Gain","Gain",TRUE,FALSE
"TSPAN1",1.08955372650151,"chr1",46175073,46185962,"Gain",1.09203001264673,1.08174245540245,"Gain","Gain",TRUE,FALSE
"UQCRH",1.09123636258397,"chr1",46303698,46316776,"Gain",1.0939841181223,1.08256876030982,"Gain","Gain",TRUE,FALSE
"CYP4B1",1.09175689361546,"chr1",46757838,46819413,"Gain",1.09475896294591,1.08228707630717,"Gain","Gain",TRUE,FALSE
"PDZK1IP1",1.09216147683931,"chr1",47183582,47191044,"Gain",1.0953962904926,1.08195748387611,"Gain","Gain",TRUE,FALSE
"CDKN2C",1.09226999651892,"chr1",50960745,50974634,"Gain",1.09574774049576,1.08129969687542,"Gain","Gain",TRUE,FALSE
"LRP8",1.09221962140536,"chr1",53242364,53328469,"Gain",1.0959315921522,1.08051046983126,"Gain","Gain",TRUE,FALSE
"ACOT11",1.0924102783218,"chr1",54542257,54639192,"Gain",1.09630692734463,1.08011857206891,"Gain","Gain",TRUE,FALSE
"DHCR24",1.09207072515674,"chr1",54849627,54887195,"Gain",1.09614452440325,1.07922021093852,"Gain","Gain",TRUE,FALSE
"PLPP3",1.09136872203787,"chr1",56494761,56645301,"Gain",1.09563154284195,1.07792195256353,"Gain","Gain",TRUE,FALSE
"PRKAA2",1.09079810056939,"chr1",56645314,56715335,"Gain",1.09518496197826,1.07696005370041,"Gain","Gain",TRUE,FALSE
"TACSTD2",1.09008406192833,"chr1",58575433,58577252,"Gain",1.09459587131547,1.07585187541866,"Gain","Gain",TRUE,FALSE
"JUN",1.08879549432906,"chr1",58776845,58784048,"Gain",1.09355039027473,1.07379650830677,"Gain","Gain",TRUE,FALSE
"HOOK1",1.08645937951969,"chr1",59814786,59876322,"Gain",1.09118678289049,1.07154711689808,"Gain","Gain",TRUE,FALSE
"NFIA",1.08330428080992,"chr1",60865259,61462788,"Gain",1.08803286735596,1.06838828594494,"Gain","Gain",TRUE,FALSE
"PATJ",1.07989643565185,"chr1",61742477,62178675,"Gain",1.08455030771666,1.06521612238166,"Gain","Gain",TRUE,FALSE
"USP1",1.07606197991542,"chr1",62436297,62451804,"Gain",1.08055274960312,1.06189616166311,"Gain","Gain",TRUE,FALSE
"PGM1",1.07208933281475,"chr1",63593411,63660245,"Gain",1.076441018476,1.05836224537642,"Gain","Gain",TRUE,FALSE
"AK4",1.06814491099455,"chr1",65147549,65232145,"Gain",1.0723086494059,1.05501068998408,"Gain","Gain",TRUE,FALSE
"PDE4B",1.06388145390334,"chr1",65792514,66374579,"Gain",1.06786181981421,1.05132566859428,"Gain","Gain",TRUE,FALSE
"GADD45A",1.06013124686942,"chr1",67685201,67688334,"Gain",1.0639670771596,1.04803138904634,"Gain","Neutral",FALSE,TRUE
"GNG12",1.05625809194674,"chr1",67701475,67833467,"Gain",1.05986107032459,1.04489274916207,"Gain","Neutral",FALSE,TRUE
"WLS",1.05245386261359,"chr1",68098473,68233120,"Gain",1.05579943350008,1.04190049372049,"Gain","Neutral",FALSE,TRUE
"DEPDC1",1.04874670946118,"chr1",68474152,68497221,"Neutral",1.05177315387263,1.0392000026682,"Gain","Neutral",FALSE,TRUE
"DNAJB4",1.04447918696832,"chr1",77979175,78017964,"Neutral",1.04715716950735,1.03603167873056,"Neutral","Neutral",FALSE,FALSE
"IFI44L",1.0404191085973,"chr1",78619902,78646145,"Neutral",1.04269596883607,1.03323691254376,"Neutral","Neutral",FALSE,FALSE
"IFI44",1.03704617470952,"chr1",78649796,78664078,"Neutral",1.03901735070748,1.0308282381703,"Neutral","Neutral",FALSE,FALSE
"ADGRL2",1.03383747091815,"chr1",81306147,81993932,"Neutral",1.03552746284793,1.02850650981571,"Neutral","Neutral",FALSE,FALSE
"SSX2IP",1.03093607747493,"chr1",84643706,84690803,"Neutral",1.0323493369514,1.02647804950216,"Neutral","Neutral",FALSE,FALSE
"LPAR3",1.0282735481611,"chr1",84811602,84893206,"Neutral",1.0293700983699,1.02481455737716,"Neutral","Neutral",FALSE,FALSE
"DDAH1",1.02598415801213,"chr1",85318481,85578363,"Neutral",1.02680468332666,1.0233958684125,"Neutral","Neutral",FALSE,FALSE
"HS2ST1",1.02429195758834,"chr1",86914635,87109982,"Neutral",1.02483159913863,1.02258969613776,"Neutral","Neutral",FALSE,FALSE
"GBP1",1.02297662556424,"chr1",89051882,89065360,"Neutral",1.02327529770192,1.02203448523782,"Neutral","Neutral",FALSE,FALSE
"GBP4",1.02168490948743,"chr1",89181144,89198942,"Neutral",1.02177366182951,1.02140494644438,"Neutral","Neutral",FALSE,FALSE
"GBP5",1.02065226465912,"chr1",89256189,89272860,"Neutral",1.02050725817179,1.02110967746088,"Neutral","Neutral",FALSE,FALSE
"TGFBR3",1.01978433524304,"chr1",91680343,91906335,"Neutral",1.01941030406096,1.02096419039359,"Neutral","Neutral",FALSE,FALSE
"RPL5",1.01897306331794,"chr1",92832013,92841924,"Neutral",1.01835462631393,1.02092387950507,"Neutral","Neutral",FALSE,FALSE
"CCDC18",1.01798401930957,"chr1",93179919,93278730,"Neutral",1.01715602084903,1.02059588242458,"Neutral","Neutral",FALSE,FALSE
"FNBP1L",1.01727005752327,"chr1",93448118,93554661,"Neutral",1.01628310091381,1.02038334297872,"Neutral","Neutral",FALSE,FALSE
"GCLM",1.01671954739987,"chr1",93885199,93909456,"Neutral",1.01560096113843,1.02024804936748,"Neutral","Neutral",FALSE,FALSE
"ARHGAP29",1.01622522321716,"chr1",94148988,94275068,"Neutral",1.0149750628064,1.02016876661763,"Neutral","Neutral",FALSE,FALSE
"F3",1.01551369578518,"chr1",94529173,94541759,"Neutral",1.01414917805028,1.01981797135014,"Neutral","Neutral",FALSE,FALSE
"CNN3",1.01477532910423,"chr1",94896949,94927223,"Neutral",1.01331043989417,1.01939621945322,"Neutral","Neutral",FALSE,FALSE
"DPYD",1.01400129660457,"chr1",97077743,97995000,"Neutral",1.01247484974969,1.01881636623001,"Neutral","Neutral",FALSE,FALSE
"PALMD",1.01341641277659,"chr1",99646113,99694541,"Neutral",1.01180304447548,1.01850567001242,"Neutral","Neutral",FALSE,FALSE
"VAV3",1.01298202923554,"chr1",107571161,107965180,"Neutral",1.01122932614743,1.01851080829192,"Neutral","Neutral",FALSE,FALSE
"GPSM2",1.01256085216681,"chr1",108875350,108934545,"Neutral",1.0106503780029,1.01858730902473,"Neutral","Neutral",FALSE,FALSE
"CELSR2",1.01216220549274,"chr1",109249539,109275751,"Neutral",1.01010552398959,1.0186498631556,"Neutral","Neutral",FALSE,FALSE
"SORT1",1.01173888414128,"chr1",109309568,109397918,"Neutral",1.00956546936647,1.01859476872857,"Neutral","Neutral",FALSE,FALSE
"GSTM3",1.01120391432401,"chr1",109733932,109741038,"Neutral",1.00888886988696,1.01850655975497,"Neutral","Neutral",FALSE,FALSE
"CSF1",1.01065684136902,"chr1",109910242,109930992,"Neutral",1.00814860519393,1.0185688965981,"Neutral","Neutral",FALSE,FALSE
"PIFO",1.01024258408581,"chr1",111346600,111353013,"Neutral",1.00756009838483,1.01870429723237,"Neutral","Neutral",FALSE,FALSE
"SLC16A1",1.00969047505344,"chr1",112911847,112957593,"Neutral",1.00679100277265,1.01883665715892,"Neutral","Neutral",FALSE,FALSE
"SLC16A1-AS1",1.00919415747892,"chr1",112956415,113047055,"Neutral",1.00610644820108,1.01893411999931,"Neutral","Neutral",FALSE,FALSE
"MAGI3",1.00887820890547,"chr1",113390515,113685923,"Neutral",1.00552338280311,1.01946077272837,"Neutral","Neutral",FALSE,FALSE
"PTPN22",1.00853142995283,"chr1",113813811,113871753,"Neutral",1.00491406632761,1.01994214999216,"Neutral","Neutral",FALSE,FALSE
"OLFML3",1.00829187314085,"chr1",113979391,114035572,"Neutral",1.00437254864244,1.02065510759228,"Neutral","Neutral",FALSE,FALSE
"VANGL1",1.00805150354548,"chr1",115641970,115698224,"Neutral",1.00377985439039,1.02152612143434,"Neutral","Neutral",FALSE,FALSE
"CD2",1.00756232191516,"chr1",116754430,116769229,"Neutral",1.0029561917242,1.02209203679018,"Neutral","Neutral",FALSE,FALSE
"PTGFRN",1.00765520500052,"chr1",116909916,116990353,"Neutral",1.00264341032147,1.02346456007294,"Neutral","Neutral",FALSE,FALSE
"TTF2",1.00760202041727,"chr1",117060326,117107453,"Neutral",1.00220262306214,1.02463404096695,"Neutral","Neutral",FALSE,FALSE
"VTCN1",1.00740124327142,"chr1",117143587,117210960,"Neutral",1.00155925645983,1.02582938124343,"Neutral","Neutral",FALSE,FALSE
"TENT5C",1.00700614437598,"chr1",117606048,117628389,"Neutral",1.00076490548993,1.02669369503604,"Neutral","Neutral",FALSE,FALSE
"PHGDH",1.00685591061776,"chr1",119648411,119744218,"Neutral",1.00015950971819,1.02797923795022,"Neutral","Neutral",FALSE,FALSE
"TXNIP",1.00675073533319,"chr1",145992435,145996579,"Neutral",0.999608733661882,1.02927967907096,"Neutral","Neutral",FALSE,FALSE
"FCGR1A",1.00770704515122,"chr1",149782671,149791675,"Neutral",1.00010118807654,1.03169918825049,"Neutral","Neutral",FALSE,FALSE
"PLEKHO1",1.00874140560959,"chr1",150149183,150164720,"Neutral",1.0007534673859,1.03393879691592,"Neutral","Neutral",FALSE,FALSE
"ANP32E",1.01007962882421,"chr1",150218417,150236156,"Neutral",1.00167092075278,1.03660430912632,"Neutral","Neutral",FALSE,FALSE
"ADAMTSL4",1.01141676866805,"chr1",150549369,150560937,"Neutral",1.00252981895562,1.03945002871,"Neutral","Neutral",FALSE,FALSE
"CTSS",1.0128537199142,"chr1",150730079,150765957,"Neutral",1.0034967336395,1.04236967735019,"Neutral","Neutral",FALSE,FALSE
"SELENBP1",1.01480550288296,"chr1",151364304,151372707,"Neutral",1.00496510028864,1.04584636321979,"Neutral","Neutral",FALSE,FALSE
"CGN",1.01683801534902,"chr1",151510510,151538692,"Neutral",1.00644218955798,1.04963091923406,"Neutral","Neutral",FALSE,FALSE
"S100A10",1.01858959303995,"chr1",151982915,151993859,"Neutral",1.00767866967368,1.05300733612637,"Neutral","Gain",FALSE,TRUE
"S100A11",1.02044294350545,"chr1",152032506,152047907,"Neutral",1.00912854590061,1.05613341780068,"Neutral","Gain",FALSE,TRUE
"S100A9",1.02211770557338,"chr1",153357854,153361023,"Neutral",1.01054302889997,1.05862921194921,"Neutral","Gain",FALSE,TRUE
"S100A8",1.02386885931841,"chr1",153390032,153391073,"Neutral",1.01214304977574,1.06085710373846,"Neutral","Gain",FALSE,TRUE
"S100A6",1.02587689760021,"chr1",153534599,153536244,"Neutral",1.01396710779666,1.06344549485929,"Neutral","Gain",FALSE,TRUE
"S100A4",1.02698293950313,"chr1",153543613,153550136,"Neutral",1.01502715016263,1.06469663907771,"Neutral","Gain",FALSE,TRUE
"S100A2",1.02851149005144,"chr1",153561108,153567890,"Neutral",1.01659003902129,1.06611687183259,"Neutral","Gain",FALSE,TRUE
"S100A16",1.02988639801425,"chr1",153606886,153613145,"Neutral",1.01806081057993,1.06718938480078,"Neutral","Gain",FALSE,TRUE
"S100A14",1.03069957996638,"chr1",153614255,153616986,"Neutral",1.01902768267733,1.06751776196071,"Neutral","Gain",FALSE,TRUE
"S100A13",1.03114346545209,"chr1",153618787,153631360,"Neutral",1.01975796466222,1.06705822976137,"Neutral","Gain",FALSE,TRUE
"S100A1",1.03071037579504,"chr1",153627926,153632039,"Neutral",1.01965057724591,1.06559773521214,"Neutral","Gain",FALSE,TRUE
"NPR1",1.0295587645553,"chr1",153678688,153693992,"Neutral",1.01895345540842,1.06301246900509,"Neutral","Gain",FALSE,TRUE
"RPS27",1.02826469141242,"chr1",153990762,153992155,"Neutral",1.01811503417215,1.06028107385636,"Neutral","Gain",FALSE,TRUE
"IL6R",1.02663361688913,"chr1",154405193,154469450,"Neutral",1.01700481823166,1.05700698743705,"Neutral","Gain",FALSE,TRUE
"CKS1B",1.0250465264674,"chr1",154974653,154979251,"Neutral",1.01592178587397,1.0538298811783,"Neutral","Gain",FALSE,TRUE
"ADAM15",1.02335678810073,"chr1",155050566,155062775,"Neutral",1.01473150998104,1.05056462344215,"Neutral","Gain",FALSE,TRUE
"EFNA1",1.02179472477128,"chr1",155127876,155134899,"Neutral",1.01362829529424,1.04755515422705,"Neutral","Neutral",FALSE,FALSE
"MUC1",1.01996948669776,"chr1",155185824,155192916,"Neutral",1.01227276358868,1.04424826033432,"Neutral","Neutral",FALSE,FALSE
"RAB25",1.0175612092259,"chr1",156061160,156070504,"Neutral",1.01041963948476,1.04008879047023,"Neutral","Neutral",FALSE,FALSE
"MEX3A",1.01479062898539,"chr1",156072013,156082465,"Neutral",1.00819999329188,1.03558032738768,"Neutral","Neutral",FALSE,FALSE
"SEMA4A",1.01203772088747,"chr1",156147366,156177752,"Neutral",1.00593252912391,1.03129612043421,"Neutral","Neutral",FALSE,FALSE
"NAXE",1.00940855237126,"chr1",156591756,156609507,"Neutral",1.00380937088441,1.02707077796294,"Neutral","Neutral",FALSE,FALSE
"NES",1.00692324743857,"chr1",156668763,156677407,"Neutral",1.00177191310858,1.02317277056049,"Neutral","Neutral",FALSE,FALSE
"CRABP2",1.00446987249281,"chr1",156699606,156705816,"Neutral",0.999778870634466,1.01926730909451,"Neutral","Neutral",FALSE,FALSE
"ETV3",1.00196626894511,"chr1",157121191,157138474,"Neutral",0.997663881642077,1.01553784816743,"Neutral","Neutral",FALSE,FALSE
"KIRREL1",0.999658642456886,"chr1",157993273,158100262,"Neutral",0.995668668126438,1.0122447368521,"Neutral","Neutral",FALSE,FALSE
"MNDA",0.997552180851386,"chr1",158831351,158849506,"Neutral",0.993801798570418,1.00938249891789,"Neutral","Neutral",FALSE,FALSE
"PYHIN1",0.996013217904103,"chr1",158930796,158977059,"Neutral",0.992449796643368,1.00725378053511,"Neutral","Neutral",FALSE,FALSE
"SLAMF8",0.994605743391275,"chr1",159826811,159837492,"Neutral",0.991235031955708,1.00523841638452,"Neutral","Neutral",FALSE,FALSE
"IGSF9",0.993350663850933,"chr1",159927039,159945613,"Neutral",0.990150458050085,1.00344548876903,"Neutral","Neutral",FALSE,FALSE
"CD84",0.992239848594473,"chr1",160541095,160579516,"Neutral",0.989178124686417,1.00189784208702,"Neutral","Neutral",FALSE,FALSE
"SLAMF7",0.991398238503444,"chr1",160739057,160754821,"Neutral",0.988438782713997,1.00073363438311,"Neutral","Neutral",FALSE,FALSE
"F11R",0.99077370205161,"chr1",160995211,161021343,"Neutral",0.987931004036396,0.999740793715221,"Neutral","Neutral",FALSE,FALSE
"NECTIN4",0.990137133135406,"chr1",161070998,161089558,"Neutral",0.987335031852712,0.998976165251431,"Neutral","Neutral",FALSE,FALSE
"KLHDC9",0.989516058498766,"chr1",161098361,161100346,"Neutral",0.986770932213548,0.998175366978243,"Neutral","Neutral",FALSE,FALSE
"FCER1G",0.98877982363444,"chr1",161215234,161220699,"Neutral",0.986029315907667,0.997456107494153,"Neutral","Neutral",FALSE,FALSE
"FCGR2A",0.988413077548173,"chr1",161505430,161524013,"Neutral",0.985702640687121,0.996962960670262,"Neutral","Neutral",FALSE,FALSE
"HSPA6",0.98829122554346,"chr1",161524540,161526894,"Neutral",0.985689239860233,0.996499007025708,"Neutral","Neutral",FALSE,FALSE
"FCGR3A",0.987891851321087,"chr1",161541759,161550968,"Neutral",0.985360464293679,0.995876934291333,"Neutral","Neutral",FALSE,FALSE
"FCGR2B",0.987809496820698,"chr1",161663143,161678654,"Neutral",0.985393251372727,0.995431373748102,"Neutral","Neutral",FALSE,FALSE
"OLFML2B",0.987907232645899,"chr1",161983192,162023869,"Neutral",0.985635545269202,0.995073111268564,"Neutral","Neutral",FALSE,FALSE
"UAP1",0.987986624800044,"chr1",162561722,162601240,"Neutral",0.985889010287831,0.994603402771276,"Neutral","Neutral",FALSE,FALSE
"NUF2",0.988110614821236,"chr1",163266576,163355764,"Neutral",0.986186751213321,0.99417930774188,"Neutral","Neutral",FALSE,FALSE
"PBX1",0.988196616596667,"chr1",164555584,164899296,"Neutral",0.986457060053265,0.993683925799135,"Neutral","Neutral",FALSE,FALSE
"CD247",0.987747690853878,"chr1",167425027,167518640,"Neutral",0.986096917915496,0.99295493839655,"Neutral","Neutral",FALSE,FALSE
"CREG1",0.987367060149554,"chr1",167529117,167553805,"Neutral",0.985851507913942,0.992147763462036,"Neutral","Neutral",FALSE,FALSE
"RCSD1",0.987059894431222,"chr1",167630093,167708696,"Neutral",0.985698666541381,0.991353792410513,"Neutral","Neutral",FALSE,FALSE
"XCL2",0.986853799148215,"chr1",168540768,168543997,"Neutral",0.98569859331135,0.990497815000081,"Neutral","Neutral",FALSE,FALSE
"XCL1",0.986757033791494,"chr1",168576605,168582069,"Neutral",0.985830989680045,0.989678175040924,"Neutral","Neutral",FALSE,FALSE
"ATP1B1",0.986321202721189,"chr1",169105697,169310992,"Neutral",0.985669562139012,0.988376757268607,"Neutral","Neutral",FALSE,FALSE
"SELL",0.985884253840471,"chr1",169690665,169711702,"Neutral",0.985500605509387,0.987094445613573,"Neutral","Neutral",FALSE,FALSE
"CENPL",0.985642422111049,"chr1",173799550,173824883,"Neutral",0.985548576401509,0.985938451824784,"Neutral","Neutral",FALSE,FALSE
"KIAA0040",0.985331773675124,"chr1",175156986,175192999,"Neutral",0.985450145534969,0.984958377939122,"Neutral","Neutral",FALSE,FALSE
"RASAL2",0.985074055419416,"chr1",178094104,178484147,"Neutral",0.985410333200024,0.984013290727911,"Neutral","Neutral",FALSE,FALSE
"RALGPS2",0.984567184044463,"chr1",178725165,178921842,"Neutral",0.985061268493373,0.983008629277399,"Neutral","Neutral",FALSE,FALSE
"TOR3A",0.983970738613319,"chr1",179082070,179098023,"Neutral",0.984662858319228,0.981787495506997,"Neutral","Neutral",FALSE,FALSE
"ABL2",0.983670520830189,"chr1",179099330,179229684,"Neutral",0.984523355661906,0.980980313122936,"Neutral","Neutral",FALSE,FALSE
"SOAT1",0.983218427344042,"chr1",179293714,179358680,"Neutral",0.984201545795886,0.980117249087794,"Neutral","Neutral",FALSE,FALSE
"QSOX1",0.982861198126918,"chr1",180154869,180204030,"Neutral",0.983972921407361,0.979354344951893,"Neutral","Neutral",FALSE,FALSE
"XPR1",0.982697232463431,"chr1",180632022,180890279,"Neutral",0.983918131502976,0.978845992007706,"Neutral","Neutral",FALSE,FALSE
"IER5",0.982521985612122,"chr1",181088700,181092900,"Neutral",0.98378353187576,0.97854252633668,"Neutral","Neutral",FALSE,FALSE
"GLUL",0.982931122135854,"chr1",182378098,182392206,"Neutral",0.984222473302907,0.978857645381415,"Neutral","Neutral",FALSE,FALSE
"RGS16",0.983825810472773,"chr1",182598623,182604389,"Neutral",0.985087458205241,0.979846031121016,"Neutral","Neutral",FALSE,FALSE
"NPL",0.984762568602627,"chr1",182789293,182830384,"Neutral",0.986017343218175,0.980804470016506,"Neutral","Neutral",FALSE,FALSE
"LAMC1",0.985822137871028,"chr1",183023420,183145592,"Neutral",0.98706472356961,0.981902488369239,"Neutral","Neutral",FALSE,FALSE
"LAMC2",0.986712302054877,"chr1",183186238,183245127,"Neutral",0.987995452237347,0.982664694731555,"Neutral","Neutral",FALSE,FALSE
"NCF2",0.987575745015896,"chr1",183554461,183590905,"Neutral",0.988856768780533,0.9835348453286,"Neutral","Neutral",FALSE,FALSE
"RGL1",0.98846968818236,"chr1",183636085,183928532,"Neutral",0.989780671608333,0.984334282843049,"Neutral","Neutral",FALSE,FALSE
"PTGS2",0.989430443158755,"chr1",186671791,186680922,"Neutral",0.990765828273175,0.985218064403386,"Neutral","Neutral",FALSE,FALSE
"RGS1",0.990640448242235,"chr1",192575763,192580024,"Neutral",0.9919539179751,0.98649720002208,"Neutral","Neutral",FALSE,FALSE
"RGS2",0.992453549057392,"chr1",192809039,192812275,"Neutral",0.993702156009781,0.988514905932456,"Neutral","Neutral",FALSE,FALSE
"CFH",0.994517759315451,"chr1",196651754,196752476,"Neutral",0.995747488624212,0.990638664394336,"Neutral","Neutral",FALSE,FALSE
"ASPM",0.996272787500838,"chr1",197084121,197146694,"Neutral",0.997486993834781,0.992442658715885,"Neutral","Neutral",FALSE,FALSE
"INAVA",0.998023909705866,"chr1",200891048,200915742,"Neutral",0.999199098078417,0.994316860345619,"Neutral","Neutral",FALSE,FALSE
"LAD1",0.9995688960934,"chr1",201380833,201399915,"Neutral",1.00070977773087,0.995970064924653,"Neutral","Neutral",FALSE,FALSE
"PHLDA3",1.00119924921987,"chr1",201464278,201469237,"Neutral",1.0023714614282,0.997501587961073,"Neutral","Neutral",FALSE,FALSE
"NAV1",1.00278090356291,"chr1",201539127,201826969,"Neutral",1.0040028821946,0.998926257609412,"Neutral","Neutral",FALSE,FALSE
"ELF3",1.00433521907935,"chr1",202007945,202017183,"Neutral",1.00558021727809,1.00040795951489,"Neutral","Neutral",FALSE,FALSE
"PTPN7",1.00558001690668,"chr1",202147013,202161588,"Neutral",1.00690233109408,1.00140886947455,"Neutral","Neutral",FALSE,FALSE
"UBE2T",1.00696407402547,"chr1",202331544,202341984,"Neutral",1.0083871389313,1.00247511551298,"Neutral","Neutral",FALSE,FALSE
"CHI3L1",1.00831218439498,"chr1",203178931,203186704,"Neutral",1.00983546310005,1.00350710847612,"Neutral","Neutral",FALSE,FALSE
"LRRN2",1.00953417388237,"chr1",204617170,204685738,"Neutral",1.01117099323166,1.00437094195859,"Neutral","Neutral",FALSE,FALSE
"NUAK2",1.01074371345842,"chr1",205302063,205321745,"Neutral",1.01250649740447,1.00518313504215,"Neutral","Neutral",FALSE,FALSE
"LEMD1",1.01195874036348,"chr1",205381378,205455954,"Neutral",1.01382675325669,1.0060662246082,"Neutral","Neutral",FALSE,FALSE
"RHEX",1.01319467008317,"chr1",206053173,206102449,"Neutral",1.01513381840736,1.00707776259624,"Neutral","Neutral",FALSE,FALSE
"IL10",1.01424500340972,"chr1",206767602,206774541,"Neutral",1.01628293580655,1.00781648848875,"Neutral","Neutral",FALSE,FALSE
"CD55",1.01545387673857,"chr1",207321519,207386804,"Neutral",1.01757875919934,1.00875108393463,"Neutral","Neutral",FALSE,FALSE
"MIR29B2CHG",1.01657693360137,"chr1",207760650,207879115,"Neutral",1.01882819170451,1.00947549769038,"Neutral","Neutral",FALSE,FALSE
"LAMB3",1.01760233424664,"chr1",209614870,209652425,"Neutral",1.01996991310953,1.01013397265119,"Neutral","Neutral",FALSE,FALSE
"G0S2",1.01864075789513,"chr1",209675412,209676390,"Neutral",1.0211313669517,1.01078430617607,"Neutral","Neutral",FALSE,FALSE
"IRF6",1.01967171520117,"chr1",209785617,209806175,"Neutral",1.02227597291226,1.01145676676627,"Neutral","Neutral",FALSE,FALSE
"SERTAD4-AS1",1.02062701992632,"chr1",210231456,210234047,"Neutral",1.02328361754548,1.01224696891955,"Neutral","Neutral",FALSE,FALSE
"SLC30A1",1.02158114734789,"chr1",211571568,211579161,"Neutral",1.02432771765558,1.01291728380071,"Neutral","Neutral",FALSE,FALSE
"NEK2",1.02260280782806,"chr1",211658657,211675630,"Neutral",1.02542816160103,1.01369042736108,"Neutral","Neutral",FALSE,FALSE
"ATF3",1.02368293826381,"chr1",212565334,212620777,"Neutral",1.02664325074668,1.01434484000479,"Neutral","Neutral",FALSE,FALSE
"PTPN14",1.02479640847969,"chr1",214348700,214552449,"Neutral",1.02781248000249,1.01528242223698,"Neutral","Neutral",FALSE,FALSE
"CENPF",1.02574041110586,"chr1",214603185,214664574,"Neutral",1.02879199516404,1.01611440305915,"Neutral","Neutral",FALSE,FALSE
"DUSP10",1.02658479945975,"chr1",221701424,221742089,"Neutral",1.02970528313025,1.01674145241464,"Neutral","Neutral",FALSE,FALSE
"SUSD4",1.02739460538339,"chr1",223220819,223364233,"Neutral",1.03053230027605,1.0174969667442,"Neutral","Neutral",FALSE,FALSE
"ENAH",1.02818124489581,"chr1",225486765,225653142,"Neutral",1.03138291680685,1.01808179523587,"Neutral","Neutral",FALSE,FALSE
"EPHX1",1.02858369894375,"chr1",225810124,225845563,"Neutral",1.0318172318591,1.01838374597862,"Neutral","Neutral",FALSE,FALSE
"CDC42BPA",1.02897808080722,"chr1",226989865,227318492,"Neutral",1.03223346215671,1.01870920848778,"Neutral","Neutral",FALSE,FALSE
"RHOU",1.02911143656057,"chr1",228735479,228746664,"Neutral",1.03234264752904,1.01891880801415,"Neutral","Neutral",FALSE,FALSE
"CCSAP",1.02911796281124,"chr1",229321011,229343294,"Neutral",1.032298097549,1.01908645065498,"Neutral","Neutral",FALSE,FALSE
"SIPA1L2",1.02922353207918,"chr1",232397965,232630571,"Neutral",1.0323820506626,1.01926020656689,"Neutral","Neutral",FALSE,FALSE
"KCNK1",1.02937144493368,"chr1",233614106,233672514,"Neutral",1.03253289765385,1.01939886389264,"Neutral","Neutral",FALSE,FALSE
"GPR137B",1.02951550324337,"chr1",236142505,236221865,"Neutral",1.03267195244142,1.01955870546218,"Neutral","Neutral",FALSE,FALSE
"OPN3",1.0297488719926,"chr1",241590102,241677376,"Neutral",1.0328964902867,1.01981993067902,"Neutral","Neutral",FALSE,FALSE
"CHML",1.03004351660268,"chr1",241628851,241640369,"Neutral",1.03319987404497,1.02008700825863,"Neutral","Neutral",FALSE,FALSE
"CEP170",1.03029971379034,"chr1",243124428,243255348,"Neutral",1.03347829987144,1.02027308676299,"Neutral","Neutral",FALSE,FALSE
"SMYD3",1.03076863530693,"chr1",245749342,246507312,"Neutral",1.03395259504263,1.0207250574628,"Neutral","Neutral",FALSE,FALSE
"NLRP3",1.03138898261545,"chr1",247416156,247449108,"Neutral",1.03458244792511,1.02131542010442,"Neutral","Neutral",FALSE,FALSE
"FAM110C",1.06737409161493,"chr2",38814,46870,"Gain",1.07183611726919,1.05329894440162,"Gain","Gain",TRUE,FALSE
"SH3YL1",1.06566092139561,"chr2",217730,266398,"Gain",1.07008021563513,1.05172056743537,"Gain","Gain",TRUE,FALSE
"PXDN",1.06334940573129,"chr2",1631887,1744852,"Gain",1.06772057100386,1.04956087122423,"Gain","Neutral",FALSE,TRUE
"RPS7",1.06081495356007,"chr2",3575260,3580920,"Gain",1.06512987980196,1.0472038211339,"Gain","Neutral",FALSE,TRUE
"SOX11",1.05787728292324,"chr2",5692384,5701385,"Gain",1.06212269296094,1.04448543449126,"Gain","Neutral",FALSE,TRUE
"CMPK2",1.05476197356159,"chr2",6840570,6866635,"Gain",1.05895778772813,1.04152657182933,"Gain","Neutral",FALSE,TRUE
"RSAD2",1.05228793810918,"chr2",6865557,6898239,"Gain",1.05637554152339,1.03939387961138,"Gain","Neutral",FALSE,TRUE
"MBOAT2",1.05034820923723,"chr2",8852690,9003709,"Gain",1.05431556176056,1.03783347374716,"Gain","Neutral",FALSE,TRUE
"ASAP2",1.04814726495831,"chr2",9206765,9405683,"Neutral",1.05202048125998,1.03592947558211,"Gain","Neutral",FALSE,TRUE
"RRM2",1.04586446092757,"chr2",10120698,10211725,"Neutral",1.04965302675799,1.03391369553036,"Neutral","Neutral",FALSE,FALSE
"ODC1",1.04372989373465,"chr2",10439968,10448327,"Neutral",1.04742958493844,1.03205947711854,"Neutral","Neutral",FALSE,FALSE
"SDC1",1.04144278888601,"chr2",20200797,20225433,"Neutral",1.04502238201559,1.03015121322811,"Neutral","Neutral",FALSE,FALSE
"RHOB",1.03941715019409,"chr2",20447074,20449440,"Neutral",1.04289193649648,1.02845618032737,"Neutral","Neutral",FALSE,FALSE
"TP53I3",1.03754694638999,"chr2",24077433,24085861,"Neutral",1.04096036463587,1.02677955775668,"Neutral","Neutral",FALSE,FALSE
"CENPA",1.03555123886373,"chr2",26764289,26801067,"Neutral",1.03888053335479,1.02504921271932,"Neutral","Neutral",FALSE,FALSE
"KRTCAP3",1.03374761564408,"chr2",27442366,27446481,"Neutral",1.03699198606408,1.02351347653006,"Neutral","Neutral",FALSE,FALSE
"IFT172",1.03194282801822,"chr2",27444377,27489805,"Neutral",1.03503514231517,1.02218833928781,"Neutral","Neutral",FALSE,FALSE
"CLIP4",1.03022810079172,"chr2",29097705,29199777,"Neutral",1.03317470384784,1.02093324795856,"Neutral","Neutral",FALSE,FALSE
"LBH",1.02857008107629,"chr2",30231534,30323730,"Neutral",1.03135815895552,1.0197752848037,"Neutral","Neutral",FALSE,FALSE
"XDH",1.02707832383626,"chr2",31334321,31414742,"Neutral",1.02977717938552,1.01856497315054,"Neutral","Neutral",FALSE,FALSE
"LTBP1",1.0255716942961,"chr2",32946953,33399509,"Neutral",1.02811471520146,1.01754991307318,"Neutral","Neutral",FALSE,FALSE
"CRIM1",1.02422487287726,"chr2",36355778,36551135,"Neutral",1.02660427927878,1.01671920214011,"Neutral","Neutral",FALSE,FALSE
"CDC42EP3",1.02281085293172,"chr2",37641882,37738468,"Neutral",1.02505131767199,1.01574346392748,"Neutral","Neutral",FALSE,FALSE
"CYP1B1",1.0215119538144,"chr2",38066973,38109902,"Neutral",1.02366115737844,1.01473244179473,"Neutral","Neutral",FALSE,FALSE
"GALM",1.02048286320193,"chr2",38666081,38741237,"Neutral",1.02251267785465,1.01407995513585,"Neutral","Neutral",FALSE,FALSE
"MORN2",1.01954365623864,"chr2",38875976,38929072,"Neutral",1.02147884456769,1.01343924027886,"Neutral","Neutral",FALSE,FALSE
"SLC8A1",1.01858811816598,"chr2",40097270,40611053,"Neutral",1.02042507672027,1.01279356114641,"Neutral","Neutral",FALSE,FALSE
"EPAS1",1.01786250097771,"chr2",46293667,46386697,"Neutral",1.01964774475601,1.0122310745947,"Neutral","Neutral",FALSE,FALSE
"EPCAM",1.01706157401291,"chr2",47345158,47387601,"Neutral",1.01880233497794,1.01157046554684,"Neutral","Neutral",FALSE,FALSE
"MSH2",1.01578371865038,"chr2",47403067,47663146,"Neutral",1.01740437764955,1.01067146341848,"Neutral","Neutral",FALSE,FALSE
"MSH6",1.01457314142092,"chr2",47695530,47810063,"Neutral",1.01612055036903,1.00969194834149,"Neutral","Neutral",FALSE,FALSE
"SPTBN1",1.01339510840494,"chr2",54456317,54671446,"Neutral",1.01488291228103,1.0087019353479,"Neutral","Neutral",FALSE,FALSE
"RPS27A",1.01212138627595,"chr2",55231903,55235853,"Neutral",1.013524506132,1.0076953430252,"Neutral","Neutral",FALSE,FALSE
"CCDC88A",1.01077900679581,"chr2",55287842,55419895,"Neutral",1.01208092724661,1.00667218997651,"Neutral","Neutral",FALSE,FALSE
"BCL11A",1.00971363105662,"chr2",60450520,60554467,"Neutral",1.01092743425382,1.00588477393826,"Neutral","Neutral",FALSE,FALSE
"FAM161A",1.00875604518154,"chr2",61824848,61854143,"Neutral",1.00989089904019,1.00517622821865,"Neutral","Neutral",FALSE,FALSE
"PELI1",1.00779485982251,"chr2",64092652,64144420,"Neutral",1.00882864114478,1.00453386909213,"Neutral","Neutral",FALSE,FALSE
"MEIS1",1.0069585158596,"chr2",66433452,66573869,"Neutral",1.00791457412325,1.00394269707055,"Neutral","Neutral",FALSE,FALSE
"PLEK",1.00591632088281,"chr2",68365282,68397453,"Neutral",1.00673137860095,1.00334527843282,"Neutral","Neutral",FALSE,FALSE
"MXD1",1.0051238909762,"chr2",69897688,69942945,"Neutral",1.00585477324672,1.00281837407639,"Neutral","Neutral",FALSE,FALSE
"BOLA3",1.00438222548039,"chr2",74135400,74147912,"Neutral",1.00506339002577,1.00223353966017,"Neutral","Neutral",FALSE,FALSE
"MTHFD2",1.00365446058979,"chr2",74186172,74217565,"Neutral",1.00427853448819,1.00168586321437,"Neutral","Neutral",FALSE,FALSE
"RTKN",1.00297694741181,"chr2",74425835,74442422,"Neutral",1.00355327295019,1.00115896889173,"Neutral","Neutral",FALSE,FALSE
"HK2",1.00224544807003,"chr2",74834127,74893359,"Neutral",1.00276933862605,1.00059287202703,"Neutral","Neutral",FALSE,FALSE
"EVA1A",1.00150335953014,"chr2",75469302,75569722,"Neutral",1.00199842557379,0.999941708391287,"Neutral","Neutral",FALSE,FALSE
"LRRTM1",1.00074189159365,"chr2",80288351,80304752,"Neutral",1.00120574954351,0.999278684199489,"Neutral","Neutral",FALSE,FALSE
"TMSB10",0.999960826853464,"chr2",84905656,84906671,"Neutral",1.00038264017731,0.998630246285425,"Neutral","Neutral",FALSE,FALSE
"CAPG",0.999305374846522,"chr2",85394753,85418432,"Neutral",0.999690156701935,0.998091607450368,"Neutral","Neutral",FALSE,FALSE
"MAT2A",0.998699748092492,"chr2",85539168,85545281,"Neutral",0.99908296121655,0.997490929149456,"Neutral","Neutral",FALSE,FALSE
"VAMP5",0.998118959527631,"chr2",85584431,85593406,"Neutral",0.998418086626095,0.997175384059312,"Neutral","Neutral",FALSE,FALSE
"GNLY",0.997653867532511,"chr2",85685175,85698852,"Neutral",0.997898852576091,0.996881079381877,"Neutral","Neutral",FALSE,FALSE
"ST3GAL5",0.997177541427339,"chr2",85837120,85905199,"Neutral",0.997365510291997,0.996584606817238,"Neutral","Neutral",FALSE,FALSE
"CD8A",0.996802933219155,"chr2",86784610,86808396,"Neutral",0.996966608439901,0.996286631206196,"Neutral","Neutral",FALSE,FALSE
"CD8B",0.996520917920137,"chr2",86815339,86861924,"Neutral",0.996667631927148,0.996058118867211,"Neutral","Neutral",FALSE,FALSE
"CYTOR",0.996337404615331,"chr2",87454781,87636740,"Neutral",0.996474041162829,0.995906394202178,"Neutral","Neutral",FALSE,FALSE
"IGKC",0.996215271516099,"chr2",88857161,88857683,"Neutral",0.996373554351272,0.995715979405515,"Neutral","Neutral",FALSE,FALSE
"MAL",0.996289657701939,"chr2",95025677,95053992,"Neutral",0.996455697703177,0.995765896154648,"Neutral","Neutral",FALSE,FALSE
"PROM2",0.996163334470353,"chr2",95274449,95291308,"Neutral",0.996294716328836,0.995748899605429,"Neutral","Neutral",FALSE,FALSE
"DUSP2",0.99600874874252,"chr2",96143169,96145440,"Neutral",0.996129466786008,0.995627952134646,"Neutral","Neutral",FALSE,FALSE
"MGAT4A",0.996022595174694,"chr2",98619106,98731132,"Neutral",0.996133914789587,0.99567144525115,"Neutral","Neutral",FALSE,FALSE
"LONRF2",0.996158792919667,"chr2",100271875,100322501,"Neutral",0.99626500033379,0.995823769075171,"Neutral","Neutral",FALSE,FALSE
"NPAS2",0.996357538788535,"chr2",100820139,100996829,"Neutral",0.996474469026266,0.99598869054846,"Neutral","Neutral",FALSE,FALSE
"IL1R1",0.996533576282235,"chr2",102064544,102179874,"Neutral",0.996658612572658,0.99613915806704,"Neutral","Neutral",FALSE,FALSE
"FHL2",0.996698420028455,"chr2",105357712,105438513,"Neutral",0.996834473803308,0.996269247930767,"Neutral","Neutral",FALSE,FALSE
"SULT1C2",0.996772998861767,"chr2",108288639,108309915,"Neutral",0.996916823951084,0.996319312697241,"Neutral","Neutral",FALSE,FALSE
"SOWAHC",0.996786616701033,"chr2",109614364,109618990,"Neutral",0.996921300789824,0.996361765182035,"Neutral","Neutral",FALSE,FALSE
"MALL",0.996751911864898,"chr2",110083870,110116022,"Neutral",0.996906548074825,0.996264122778088,"Neutral","Neutral",FALSE,FALSE
"BUB1",0.996888982533858,"chr2",110637528,110678063,"Neutral",0.997042752267693,0.996403926685154,"Neutral","Neutral",FALSE,FALSE
"MIR4435-2HG",0.996975459254608,"chr2",111006015,111523376,"Neutral",0.997143065309401,0.996446757701134,"Neutral","Neutral",FALSE,FALSE
"BCL2L11",0.997065972941162,"chr2",111119378,111168444,"Neutral",0.997259071056412,0.996456858469543,"Neutral","Neutral",FALSE,FALSE
"MERTK",0.997077024977773,"chr2",111898607,112029561,"Neutral",0.997306099647757,0.996354424985596,"Neutral","Neutral",FALSE,FALSE
"SLC20A1",0.997152396357745,"chr2",112645939,112663825,"Neutral",0.997436227066031,0.996257072280222,"Neutral","Neutral",FALSE,FALSE
"IL1B",0.997240149840124,"chr2",112829751,112836816,"Neutral",0.997565848884015,0.996212755032203,"Neutral","Neutral",FALSE,FALSE
"IL1RN",0.997446259032726,"chr2",113099315,113134016,"Neutral",0.997801558438797,0.996325491956797,"Neutral","Neutral",FALSE,FALSE
"PAX8",0.997719037685459,"chr2",113215997,113278921,"Neutral",0.998139051355548,0.996394133999068,"Neutral","Neutral",FALSE,FALSE
"MARCO",0.997765706921109,"chr2",118942194,118994660,"Neutral",0.998262092513023,0.996199893359711,"Neutral","Neutral",FALSE,FALSE
"EPB41L5",0.997767249358596,"chr2",120013077,120179119,"Neutral",0.99831177115025,0.996049593528655,"Neutral","Neutral",FALSE,FALSE
"INHBB",0.997864947191275,"chr2",120346136,120351803,"Neutral",0.998482989970384,0.995915374558996,"Neutral","Neutral",FALSE,FALSE
"TFCP2L1",0.998066752898515,"chr2",121216587,121285202,"Neutral",0.99874843343759,0.995916439412363,"Neutral","Neutral",FALSE,FALSE
"HS6ST1",0.998333098957206,"chr2",128236716,128318868,"Neutral",0.999063652169725,0.996028620047826,"Neutral","Neutral",FALSE,FALSE
"LYPD1",0.998825620038267,"chr2",132643286,132671579,"Neutral",0.999638033812101,0.996262917725268,"Neutral","Neutral",FALSE,FALSE
"MCM6",0.99915838832605,"chr2",135839626,135876443,"Neutral",1.0000506782793,0.996343722203057,"Neutral","Neutral",FALSE,FALSE
"HNMT",0.999436668418233,"chr2",137964020,138016364,"Neutral",1.00037025632163,0.996491730805808,"Neutral","Neutral",FALSE,FALSE
"KYNU",0.999899894119817,"chr2",142877657,143055833,"Neutral",1.0008794796601,0.996809860185476,"Neutral","Neutral",FALSE,FALSE
"LYPD6B",1.00042356100069,"chr2",149038107,149215262,"Neutral",1.00147491815846,0.997107128528985,"Neutral","Neutral",FALSE,FALSE
"RND3",1.00081212621544,"chr2",150468195,150539011,"Neutral",1.00192401222279,0.997304759729791,"Neutral","Neutral",FALSE,FALSE
"FMNL2",1.00116174127405,"chr2",152335174,152649826,"Neutral",1.00234854178861,0.997418062225627,"Neutral","Neutral",FALSE,FALSE
"NR4A2",1.0015116195582,"chr2",156324437,156342348,"Neutral",1.00277015075764,0.997541671091446,"Neutral","Neutral",FALSE,FALSE
"CYTIP",1.00202885340261,"chr2",157414619,157488961,"Neutral",1.0033673348554,0.997806707464843,"Neutral","Neutral",FALSE,FALSE
"PKP4",1.00267775388611,"chr2",158456952,158682879,"Neutral",1.00406924690322,0.998288386683905,"Neutral","Neutral",FALSE,FALSE
"DAPL1",1.00325584990235,"chr2",158795317,158862781,"Neutral",1.00471129925586,0.998664736919264,"Neutral","Neutral",FALSE,FALSE
"TANC1",1.0036829749242,"chr2",158968640,159232659,"Neutral",1.00522310256645,0.998824750213816,"Neutral","Neutral",FALSE,FALSE
"CD302",1.00407704194726,"chr2",159768628,159798255,"Neutral",1.00567590256785,0.999033548172889,"Neutral","Neutral",FALSE,FALSE
"ITGB6",1.00455881095916,"chr2",160099667,160200313,"Neutral",1.00625251654279,0.999216135395909,"Neutral","Neutral",FALSE,FALSE
"IFIH1",1.00503105474462,"chr2",162267074,162318684,"Neutral",1.00681951643537,0.999389477682283,"Neutral","Neutral",FALSE,FALSE
"GCA",1.00565324606145,"chr2",162318840,162371595,"Neutral",1.00754781861272,0.999676949726157,"Neutral","Neutral",FALSE,FALSE
"FIGN",1.00618480125333,"chr2",163593396,163736012,"Neutral",1.00820847768586,0.999801255772637,"Neutral","Neutral",FALSE,FALSE
"COBLL1",1.00670656759262,"chr2",164653624,164843679,"Neutral",1.00887552449061,0.999864745065327,"Neutral","Neutral",FALSE,FALSE
"GALNT3",1.00727091566447,"chr2",165747588,165794659,"Neutral",1.0095702602094,1.00001779444292,"Neutral","Neutral",FALSE,FALSE
"KLHL23",1.0078398369736,"chr2",169694488,169776989,"Neutral",1.01028026891522,1.00014166544704,"Neutral","Neutral",FALSE,FALSE
"CYBRD1",1.00837440587338,"chr2",171522247,171558129,"Neutral",1.01093497237595,1.00029727829373,"Neutral","Neutral",FALSE,FALSE
"ITGA6",1.00883937360943,"chr2",172427354,172506459,"Neutral",1.01151117705444,1.00041135689069,"Neutral","Neutral",FALSE,FALSE
"PDK1",1.00931811699747,"chr2",172555373,172608669,"Neutral",1.01210136021584,1.00053857132373,"Neutral","Neutral",FALSE,FALSE
"MAP3K20",1.00973212771056,"chr2",173075435,173268015,"Neutral",1.01266006297117,1.00049616113005,"Neutral","Neutral",FALSE,FALSE
"GPR155",1.01009205209989,"chr2",174431571,174487094,"Neutral",1.01311422192869,1.00055882917827,"Neutral","Neutral",FALSE,FALSE
"HAGLR",1.01050406288665,"chr2",176164051,176188958,"Neutral",1.01363060024053,1.00064161992159,"Neutral","Neutral",FALSE,FALSE
"HOXD1",1.01087233223821,"chr2",176188668,176190907,"Neutral",1.01409807645425,1.0006969481792,"Neutral","Neutral",FALSE,FALSE
"ITGA4",1.01110883523123,"chr2",181457202,181538940,"Neutral",1.01439964257457,1.00072821409699,"Neutral","Neutral",FALSE,FALSE
"FRZB",1.01160258135354,"chr2",182833275,182866637,"Neutral",1.01501666675002,1.0008330882404,"Neutral","Neutral",FALSE,FALSE
"NCKAP1",1.01208082069352,"chr2",182909115,183038858,"Neutral",1.01560997279609,1.00094835772025,"Neutral","Neutral",FALSE,FALSE
"ITGAV",1.01234420371681,"chr2",186590010,186680901,"Neutral",1.01597242973755,1.00089921901209,"Neutral","Neutral",FALSE,FALSE
"COL3A1",1.01257434254209,"chr2",188974373,189012746,"Neutral",1.01629926162326,1.00082434635479,"Neutral","Neutral",FALSE,FALSE
"SLC40A1",1.01278758965706,"chr2",189560590,189583758,"Neutral",1.01659339073064,1.00078245689318,"Neutral","Neutral",FALSE,FALSE
"MYO1B",1.01298357720563,"chr2",191245185,191425389,"Neutral",1.01687762166136,1.00070008687713,"Neutral","Neutral",FALSE,FALSE
"NABP1",1.01317717274433,"chr2",191678068,191741097,"Neutral",1.01718927464984,1.00052127846434,"Neutral","Neutral",FALSE,FALSE
"SGO2",1.01360052057588,"chr2",200510008,200584096,"Neutral",1.01773758960869,1.00055042625095,"Neutral","Neutral",FALSE,FALSE
"RAPH1",1.01396058851143,"chr2",203394345,203535335,"Neutral",1.01822223359231,1.00051752777355,"Neutral","Neutral",FALSE,FALSE
"NRP2",1.01441780877951,"chr2",205681990,205798133,"Neutral",1.01887732987305,1.00035056202746,"Neutral","Neutral",FALSE,FALSE
"EEF1B2",1.01490762503446,"chr2",206159585,206162928,"Neutral",1.01954270618248,1.00028658639435,"Neutral","Neutral",FALSE,FALSE
"CCNYL1",1.01529969041584,"chr2",207711540,207761839,"Neutral",1.02005882510833,1.00028733356379,"Neutral","Neutral",FALSE,FALSE
"FZD5",1.01575380166899,"chr2",207762598,207769906,"Neutral",1.02062869188016,1.00037630214576,"Neutral","Neutral",FALSE,FALSE
"IDH1",1.01619102845455,"chr2",208236229,208266074,"Neutral",1.02118696490117,1.00043169706492,"Neutral","Neutral",FALSE,FALSE
"MAP2",1.01655051182209,"chr2",209424047,209734147,"Neutral",1.02164664504664,1.00047511671859,"Neutral","Neutral",FALSE,FALSE
"ERBB4",1.01696960192041,"chr2",211375717,212538841,"Neutral",1.02217810655538,1.00053973907806,"Neutral","Neutral",FALSE,FALSE
"IKZF2",1.01725016559903,"chr2",212999691,213152427,"Neutral",1.02250796307312,1.0006648119503,"Neutral","Neutral",FALSE,FALSE
"BARD1",1.01756255376658,"chr2",214725646,214809683,"Neutral",1.02290905961315,1.00069737577384,"Neutral","Neutral",FALSE,FALSE
"FN1",1.01806353550396,"chr2",215360440,215436073,"Neutral",1.02353243341893,1.00081228030905,"Neutral","Neutral",FALSE,FALSE
"RPL37A",1.01864675066607,"chr2",216498825,216579180,"Neutral",1.02427872769131,1.00088107384695,"Neutral","Neutral",FALSE,FALSE
"IGFBP2",1.01900452234926,"chr2",216632828,216664436,"Neutral",1.02468661650264,1.0010807545618,"Neutral","Neutral",FALSE,FALSE
"IGFBP5",1.0187285157087,"chr2",216672105,216695549,"Neutral",1.02436595326382,1.00094561403078,"Neutral","Neutral",FALSE,FALSE
"TNS1",1.01813431882139,"chr2",217799588,218033982,"Neutral",1.0236188584534,1.00083372292634,"Neutral","Neutral",FALSE,FALSE
"SLC11A1",1.01755021460771,"chr2",218382029,218396894,"Neutral",1.02289210455743,1.0006995971381,"Neutral","Neutral",FALSE,FALSE
"CYP27A1",1.01730953121849,"chr2",218781749,218815293,"Neutral",1.02254093923937,1.00080742125045,"Neutral","Neutral",FALSE,FALSE
"WNT10A",1.01718174846237,"chr2",218880852,218899581,"Neutral",1.02234953838725,1.00088031731961,"Neutral","Neutral",FALSE,FALSE
"TUBA4A",1.0170208993432,"chr2",219249710,219277902,"Neutral",1.0220938053618,1.00101877283305,"Neutral","Neutral",FALSE,FALSE
"CHPF",1.01697599218906,"chr2",219538954,219543809,"Neutral",1.0220066066204,1.00110727152698,"Neutral","Neutral",FALSE,FALSE
"OBSL1",1.01684358195904,"chr2",219550728,219571859,"Neutral",1.02183680407246,1.00109281274325,"Neutral","Neutral",FALSE,FALSE
"SGPP2",1.01679355542224,"chr2",222424543,222562621,"Neutral",1.0217452304396,1.00117384360925,"Neutral","Neutral",FALSE,FALSE
"SERPINE2",1.01674247847764,"chr2",223975045,224039318,"Neutral",1.0216558039475,1.00124373762455,"Neutral","Neutral",FALSE,FALSE
"DOCK10",1.01662024371823,"chr2",224765090,225042468,"Neutral",1.02149118057389,1.00125521477792,"Neutral","Neutral",FALSE,FALSE
"CCL20",1.01647366537478,"chr2",227805739,227817564,"Neutral",1.02128984975903,1.00128134926831,"Neutral","Neutral",FALSE,FALSE
"SP140",1.01648517570978,"chr2",230203110,230313215,"Neutral",1.02128974287333,1.00132950531184,"Neutral","Neutral",FALSE,FALSE
"ITM2C",1.01679086336917,"chr2",230864639,230879248,"Neutral",1.02163823902362,1.0015001565868,"Neutral","Neutral",FALSE,FALSE
"ARMC9",1.01704120350033,"chr2",231198546,231376848,"Neutral",1.02188860264074,1.00175042263319,"Neutral","Neutral",FALSE,FALSE
"B3GNT7",1.01728477671484,"chr2",231395710,231401164,"Neutral",1.02213289570957,1.00199172511767,"Neutral","Neutral",FALSE,FALSE
"PTMA",1.01759256539506,"chr2",231706895,231713551,"Neutral",1.02245819974603,1.00224426283417,"Neutral","Neutral",FALSE,FALSE
"INPP5D",1.01757452362213,"chr2",233059967,233207903,"Neutral",1.02237335814371,1.00243693644149,"Neutral","Neutral",FALSE,FALSE
"HJURP",1.01782696728993,"chr2",233833416,233854566,"Neutral",1.02256647671917,1.00287651695541,"Neutral","Neutral",FALSE,FALSE
"SH3BP4",1.01808197942757,"chr2",234952017,235055714,"Neutral",1.02276974307442,1.00329475753708,"Neutral","Neutral",FALSE,FALSE
"AGAP1",1.01836836078922,"chr2",235494043,236131793,"Neutral",1.02297616603138,1.00383336208259,"Neutral","Neutral",FALSE,FALSE
"IQCA1",1.01868068165169,"chr2",236324147,236507535,"Neutral",1.02319122701868,1.00445248240502,"Neutral","Neutral",FALSE,FALSE
"ACKR3",1.01906618061709,"chr2",236567787,236582354,"Neutral",1.0235182609555,1.00502240520561,"Neutral","Neutral",FALSE,FALSE
"MLPH",1.01953304163987,"chr2",237485428,237555322,"Neutral",1.02392327673709,1.00568435270742,"Neutral","Neutral",FALSE,FALSE
"RAB17",1.01998247572036,"chr2",237574322,237601614,"Neutral",1.02428110055155,1.00642276495178,"Neutral","Neutral",FALSE,FALSE
"RAMP1",1.02046790275733,"chr2",237858893,237912106,"Neutral",1.02467264189427,1.00720434783146,"Neutral","Neutral",FALSE,FALSE
"HES6",1.02097069871322,"chr2",238238267,238240662,"Neutral",1.02508012393931,1.00800780483919,"Neutral","Neutral",FALSE,FALSE
"GPC1",1.02135630110571,"chr2",240435663,240468076,"Neutral",1.02536641766569,1.00870666945907,"Neutral","Neutral",FALSE,FALSE
"KIF1A",1.02167156990453,"chr2",240713761,240824293,"Neutral",1.02563225858956,1.00917785502538,"Neutral","Neutral",FALSE,FALSE
"DTYMK",1.02190437860369,"chr2",241675747,241686944,"Neutral",1.02582688965887,1.0095310923823,"Neutral","Neutral",FALSE,FALSE
"CHL1",1.01988873869071,"chr3",196763,409417,"Neutral",1.01861635567326,1.02390238174659,"Neutral","Neutral",FALSE,FALSE
"BHLHE40",1.01986542042343,"chr3",4979437,4985323,"Neutral",1.01852822760573,1.02408350145213,"Neutral","Neutral",FALSE,FALSE
"EDEM1",1.01999198126774,"chr3",5187646,5219958,"Neutral",1.01858650998008,1.02442544194472,"Neutral","Neutral",FALSE,FALSE
"LMCD1",1.02025705625063,"chr3",8501807,8574668,"Neutral",1.01878660175266,1.02489550191032,"Neutral","Neutral",FALSE,FALSE
"OXTR",1.02061853480532,"chr3",8750381,8769628,"Neutral",1.01911447121227,1.02536299799997,"Neutral","Neutral",FALSE,FALSE
"SRGAP3",1.02091079233429,"chr3",8980591,9363053,"Neutral",1.01934074754414,1.02586338859106,"Neutral","Neutral",FALSE,FALSE
"CAMK1",1.02102726705004,"chr3",9757347,9769992,"Neutral",1.0194053058838,1.02614362987669,"Neutral","Neutral",FALSE,FALSE
"HRH1",1.02147979350182,"chr3",11137093,11263557,"Neutral",1.01982082591191,1.02671289049845,"Neutral","Neutral",FALSE,FALSE
"RPL32",1.0219208377884,"chr3",12834485,12841582,"Neutral",1.02023733470797,1.02723133027033,"Neutral","Neutral",FALSE,FALSE
"WNT7A",1.02215830464385,"chr3",13816258,13880071,"Neutral",1.02040654676268,1.0276841021112,"Neutral","Neutral",FALSE,FALSE
"SLC6A6",1.02214412921725,"chr3",14402576,14489349,"Neutral",1.02035544027794,1.02778642311924,"Neutral","Neutral",FALSE,FALSE
"ANKRD28",1.02227647540076,"chr3",15667236,15859771,"Neutral",1.02044928688575,1.02804021351613,"Neutral","Neutral",FALSE,FALSE
"SATB1",1.02243322304612,"chr3",18345377,18445621,"Neutral",1.02057389419454,1.02829834560067,"Neutral","Neutral",FALSE,FALSE
"SGO1",1.02280513760225,"chr3",20160593,20186206,"Neutral",1.02093710725665,1.02869770840992,"Neutral","Neutral",FALSE,FALSE
"RPL15",1.02314221845926,"chr3",23916591,23924374,"Neutral",1.02127289416994,1.02903887092168,"Neutral","Neutral",FALSE,FALSE
"OSBPL10",1.02290004291652,"chr3",31657912,32077580,"Neutral",1.0210235532696,1.02881929799732,"Neutral","Neutral",FALSE,FALSE
"CMTM8",1.02266099389408,"chr3",32238679,32370321,"Neutral",1.02077896030608,1.02859773694848,"Neutral","Neutral",FALSE,FALSE
"CTDSPL",1.02249813455889,"chr3",37861880,37984469,"Neutral",1.02064144283766,1.02835493847061,"Neutral","Neutral",FALSE,FALSE
"MYD88",1.02205877545106,"chr3",38138552,38143024,"Neutral",1.02021746236209,1.02786706854511,"Neutral","Neutral",FALSE,FALSE
"CSRNP1",1.02170767661136,"chr3",39141855,39154562,"Neutral",1.01988928803593,1.02744365593406,"Neutral","Neutral",FALSE,FALSE
"CX3CR1",1.0213266083793,"chr3",39263495,39281735,"Neutral",1.01955449876358,1.02691660396696,"Neutral","Neutral",FALSE,FALSE
"SLC25A38",1.02101715656188,"chr3",39383370,39397351,"Neutral",1.0192397838954,1.0266237540743,"Neutral","Neutral",FALSE,FALSE
"RPSA",1.02073064127503,"chr3",39406716,39426255,"Neutral",1.01895356274029,1.0263363109695,"Neutral","Neutral",FALSE,FALSE
"RPL14",1.02016234696755,"chr3",40457292,40468587,"Neutral",1.01845564486188,1.02554601914873,"Neutral","Neutral",FALSE,FALSE
"ABHD5",1.01941630046004,"chr3",43690108,43734371,"Neutral",1.01781630574049,1.02446337167011,"Neutral","Neutral",FALSE,FALSE
"CDCP1",1.01882667463972,"chr3",45082277,45146422,"Neutral",1.01730799379556,1.02361724692858,"Neutral","Neutral",FALSE,FALSE
"CXCR6",1.01829315951482,"chr3",45940933,45948351,"Neutral",1.01684643317929,1.02285675634901,"Neutral","Neutral",FALSE,FALSE
"CCR1",1.01778694215094,"chr3",46201711,46208313,"Neutral",1.01643150853175,1.02206256250954,"Neutral","Neutral",FALSE,FALSE
"LTF",1.01766138689496,"chr3",46435645,46485234,"Neutral",1.01637725737129,1.02171208348147,"Neutral","Neutral",FALSE,FALSE
"KIF9",1.01757626282886,"chr3",47227998,47283451,"Neutral",1.01637797198134,1.02135618732731,"Neutral","Neutral",FALSE,FALSE
"PLXNB1",1.01732033806106,"chr3",48403854,48430086,"Neutral",1.01621425208279,1.02080940876146,"Neutral","Neutral",FALSE,FALSE
"CCDC51",1.01710686855675,"chr3",48432164,48440456,"Neutral",1.01602257059796,1.0205272104767,"Neutral","Neutral",FALSE,FALSE
"KLHDC8B",1.01682510632894,"chr3",49171598,49176486,"Neutral",1.01579611569318,1.02007098517449,"Neutral","Neutral",FALSE,FALSE
"DAG1",1.01660014947577,"chr3",49468713,49535618,"Neutral",1.01564666498472,1.01960784947957,"Neutral","Neutral",FALSE,FALSE
"SEMA3B",1.01631534047611,"chr3",50267558,50277546,"Neutral",1.01543599498675,1.01908917419493,"Neutral","Neutral",FALSE,FALSE
"HYAL2",1.01607002730589,"chr3",50317790,50322782,"Neutral",1.01528357523005,1.01855083526206,"Neutral","Neutral",FALSE,FALSE
"RPL29",1.01567333639704,"chr3",51993522,51995895,"Neutral",1.01497201411233,1.01788560839322,"Neutral","Neutral",FALSE,FALSE
"ALAS1",1.01526881108022,"chr3",52198086,52214327,"Neutral",1.01467885946865,1.01712977209323,"Neutral","Neutral",FALSE,FALSE
"STAB1",1.0149446289202,"chr3",52495338,52524495,"Neutral",1.01441437625195,1.01661727380037,"Neutral","Neutral",FALSE,FALSE
"NT5DC2",1.01478621237789,"chr3",52524385,52535054,"Neutral",1.01431583219383,1.01626999370276,"Neutral","Neutral",FALSE,FALSE
"FLNB",1.01461730210396,"chr3",58008398,58172251,"Neutral",1.01423029991801,1.01583807337717,"Neutral","Neutral",FALSE,FALSE
"FAM107A",1.01455801735152,"chr3",58564117,58627610,"Neutral",1.01430584033922,1.01535349206347,"Neutral","Neutral",FALSE,FALSE
"PTPRG",1.01465908957426,"chr3",61561569,62297609,"Neutral",1.01451685224394,1.01510776726433,"Neutral","Neutral",FALSE,FALSE
"MAGI1",1.01485302731953,"chr3",65353525,66038918,"Neutral",1.01481547798678,1.01497147405811,"Neutral","Neutral",FALSE,FALSE
"LRIG1",1.01501840001298,"chr3",66378797,66501263,"Neutral",1.01510684818635,1.0147393964488,"Neutral","Neutral",FALSE,FALSE
"FRMD4B",1.01502208950592,"chr3",69168782,69542583,"Neutral",1.01517789337494,1.01453061712034,"Neutral","Neutral",FALSE,FALSE
"MITF",1.01506137802706,"chr3",69739456,69968336,"Neutral",1.01529011665355,1.01433983806053,"Neutral","Neutral",FALSE,FALSE
"GBE1",1.01514551890561,"chr3",81489703,81761645,"Neutral",1.01548141903006,1.014085945504,"Neutral","Neutral",FALSE,FALSE
"ARL13B",1.01532501905144,"chr3",93980139,94055678,"Neutral",1.0157743019682,1.01390778757773,"Neutral","Neutral",FALSE,FALSE
"CRYBG3",1.01555040102934,"chr3",97822011,97944984,"Neutral",1.01606689047556,1.01392117126847,"Neutral","Neutral",FALSE,FALSE
"ST3GAL6",1.01589647857247,"chr3",98732236,98821201,"Neutral",1.01650792818961,1.01396770360753,"Neutral","Neutral",FALSE,FALSE
"DCBLD2",1.01624283641132,"chr3",98795941,98901695,"Neutral",1.01691176004757,1.01413276368109,"Neutral","Neutral",FALSE,FALSE
"CMSS1",1.01645934525276,"chr3",99817837,100181732,"Neutral",1.01725293524751,1.01395602123165,"Neutral","Neutral",FALSE,FALSE
"FILIP1L",1.01668007594607,"chr3",99828811,100114513,"Neutral",1.01757711313305,1.01385043500698,"Neutral","Neutral",FALSE,FALSE
"RPL24",1.01700574019128,"chr3",101681091,101686733,"Neutral",1.01802407916902,1.01379346125444,"Neutral","Neutral",FALSE,FALSE
"NFKBIZ",1.01707650195633,"chr3",101827991,101861022,"Neutral",1.01819464544491,1.01354939668466,"Neutral","Neutral",FALSE,FALSE
"ALCAM",1.01741633547299,"chr3",105366909,105576900,"Neutral",1.01860474405688,1.01366758388257,"Neutral","Neutral",FALSE,FALSE
"IFT57",1.01765966888046,"chr3",108160812,108222435,"Neutral",1.01895625523586,1.0135696780913,"Neutral","Neutral",FALSE,FALSE
"CIP2A",1.01767516887874,"chr3",108549864,108589644,"Neutral",1.01904589343893,1.01335131431838,"Neutral","Neutral",FALSE,FALSE
"NECTIN3",1.01774674084478,"chr3",111070071,111275563,"Neutral",1.01919021099138,1.01319341543035,"Neutral","Neutral",FALSE,FALSE
"CD96",1.0178480763812,"chr3",111292719,111665750,"Neutral",1.01935727519267,1.0130874144999,"Neutral","Neutral",FALSE,FALSE
"ZBED2",1.0181786053355,"chr3",111592900,111595346,"Neutral",1.01974697551488,1.01323129152106,"Neutral","Neutral",FALSE,FALSE
"CD200",1.0184714995079,"chr3",112332347,112362812,"Neutral",1.02011606206774,1.01328384216908,"Neutral","Neutral",FALSE,FALSE
"CCDC80",1.01872766531104,"chr3",112596797,112649530,"Neutral",1.02042995923273,1.0133578984373,"Neutral","Neutral",FALSE,FALSE
"BOC",1.01892825262144,"chr3",113211003,113287459,"Neutral",1.0206911932038,1.01336718010688,"Neutral","Neutral",FALSE,FALSE
"TIGIT",1.01925460964127,"chr3",114276913,114310288,"Neutral",1.02104923660344,1.01359358466232,"Neutral","Neutral",FALSE,FALSE
"UPK1B",1.01999336897715,"chr3",119173517,119205143,"Neutral",1.02189299841244,1.01400112105565,"Neutral","Neutral",FALSE,FALSE
"FSTL1",1.02074249266865,"chr3",120392293,120451016,"Neutral",1.02271683956253,1.01451455376044,"Neutral","Neutral",FALSE,FALSE
"HCLS1",1.0215186406904,"chr3",121631399,121660927,"Neutral",1.0235487058892,1.01511494229427,"Neutral","Neutral",FALSE,FALSE
"EAF2",1.02280433834979,"chr3",121835183,121886526,"Neutral",1.02493636324419,1.01607901523956,"Neutral","Neutral",FALSE,FALSE
"CD86",1.02423639823014,"chr3",122055362,122121139,"Neutral",1.02645945734062,1.01722391406525,"Neutral","Neutral",FALSE,FALSE
"CSTA",1.02588270708469,"chr3",122325248,122341969,"Neutral",1.02817694803493,1.01864568479491,"Neutral","Neutral",FALSE,FALSE
"MYLK",1.02771710277655,"chr3",123610049,123884332,"Neutral",1.03011110828448,1.02016538018134,"Neutral","Neutral",FALSE,FALSE
"KALRN",1.02962405578869,"chr3",124033369,124726325,"Neutral",1.03208964866817,1.02184651584702,"Neutral","Neutral",FALSE,FALSE
"ITGB5",1.03170225097565,"chr3",124761948,124901418,"Neutral",1.03425753466379,1.02364178766387,"Neutral","Neutral",FALSE,FALSE
"HEG1",1.03382412280034,"chr3",124965710,125055997,"Neutral",1.03639713285797,1.02570774289832,"Neutral","Neutral",FALSE,FALSE
"MCM2",1.03624482522311,"chr3",127598410,127622436,"Neutral",1.03881457620278,1.02813872585414,"Neutral","Neutral",FALSE,FALSE
"PODXL2",1.03869458294068,"chr3",127629185,127672802,"Neutral",1.04125558672128,1.03061607599812,"Neutral","Neutral",FALSE,FALSE
"MGLL",1.04115676213718,"chr3",127689062,128052190,"Neutral",1.04366344081304,1.03324961993023,"Neutral","Neutral",FALSE,FALSE
"RUVBL1",1.04369302947946,"chr3",128064778,128153914,"Neutral",1.04613116791249,1.03600209266504,"Neutral","Neutral",FALSE,FALSE
"PLXND1",1.04613226979625,"chr3",129555214,129606676,"Neutral",1.04849281675002,1.03868608986526,"Neutral","Neutral",FALSE,FALSE
"RAB6B",1.04888860987168,"chr3",133824235,133895882,"Neutral",1.05116194065184,1.04171754724797,"Gain","Neutral",FALSE,TRUE
"AMOTL2",1.05173613172718,"chr3",134355347,134375479,"Gain",1.05396615948825,1.04470166544235,"Gain","Neutral",FALSE,TRUE
"PPP2R3A",1.05445545208041,"chr3",135965728,136147894,"Gain",1.05665966043988,1.04750243128843,"Gain","Neutral",FALSE,TRUE
"MRAS",1.05731681289023,"chr3",138347648,138405534,"Gain",1.05946877479906,1.05052859986522,"Gain","Gain",TRUE,FALSE
"CEP70",1.06021266238594,"chr3",138494344,138594538,"Gain",1.06229520707941,1.05364342110178,"Gain","Gain",TRUE,FALSE
"FAIM",1.06315967562563,"chr3",138608606,138633376,"Gain",1.06516062610954,1.05684781755715,"Gain","Gain",TRUE,FALSE
"RBP1",1.06635286884306,"chr3",139517434,139539829,"Gain",1.06833220080056,1.06010920490102,"Gain","Gain",TRUE,FALSE
"PLS1",1.06899387397309,"chr3",142596393,142713664,"Gain",1.07091290843966,1.06294041424041,"Gain","Gain",TRUE,FALSE
"PLOD2",1.0716698245395,"chr3",146035139,146163725,"Gain",1.07354196697305,1.06576428243863,"Gain","Gain",TRUE,FALSE
"PLSCR4",1.07407608810007,"chr3",146192335,146251179,"Gain",1.07590614280207,1.0683033087987,"Gain","Gain",TRUE,FALSE
"CP",1.07666785345652,"chr3",149162410,149221829,"Gain",1.0784171169525,1.07114992435242,"Gain","Gain",TRUE,FALSE
"TM4SF1",1.078500048198,"chr3",149369022,149377692,"Gain",1.08010748711663,1.07342949478363,"Gain","Gain",TRUE,FALSE
"WWTR1",1.07950037823762,"chr3",149517235,149736714,"Gain",1.08093176374538,1.07498517296948,"Gain","Gain",TRUE,FALSE
"PFN2",1.08029278379236,"chr3",149964904,150050788,"Gain",1.08157052567015,1.07626223658713,"Gain","Gain",TRUE,FALSE
"GPR171",1.08091503544302,"chr3",151197832,151203216,"Gain",1.08203375229275,1.0773861215438,"Gain","Gain",TRUE,FALSE
"RAP2B",1.08201761650169,"chr3",153162226,153170627,"Gain",1.08295375279941,1.07906464015796,"Gain","Gain",TRUE,FALSE
"TIPARP",1.08329002645846,"chr3",156673235,156706770,"Gain",1.0840980178131,1.08074127435685,"Gain","Gain",TRUE,FALSE
"PTX3",1.0846252634393,"chr3",157436850,157443633,"Gain",1.08524906391272,1.08265752856384,"Gain","Gain",TRUE,FALSE
"MLF1",1.08607356586475,"chr3",158571163,158607252,"Gain",1.08653112616604,1.08463022396164,"Gain","Gain",TRUE,FALSE
"LXN",1.08719020743017,"chr3",158645822,158672648,"Gain",1.08751024122476,1.08618068325411,"Gain","Gain",TRUE,FALSE
"RARRES1",1.0885026514082,"chr3",158696892,158732489,"Gain",1.0886688329254,1.08797844345872,"Gain","Gain",TRUE,FALSE
"MFSD1",1.08965962792307,"chr3",158732198,158829719,"Gain",1.08972392809031,1.08945679755189,"Gain","Gain",TRUE,FALSE
"SMC4",1.09127295565446,"chr3",160399274,160434954,"Gain",1.0912646208985,1.091299247058,"Gain","Gain",TRUE,FALSE
"MECOM",1.09295173071277,"chr3",169083499,169663775,"Gain",1.09286668959242,1.09321998696695,"Gain","Gain",TRUE,FALSE
"GPR160",1.09425095875283,"chr3",170037995,170085392,"Gain",1.09403580318073,1.09492965192626,"Gain","Gain",TRUE,FALSE
"PRKCI",1.09577248419812,"chr3",170222424,170305977,"Gain",1.09547582027924,1.09670828973908,"Gain","Gain",TRUE,FALSE
"TNFSF10",1.09671766891226,"chr3",172505508,172523475,"Gain",1.09635170413727,1.09787207914698,"Gain","Gain",TRUE,FALSE
"NCEH1",1.09776505926633,"chr3",172630249,172711218,"Gain",1.09729418144955,1.09925041033871,"Gain","Gain",TRUE,FALSE
"ECT2",1.09925281753189,"chr3",172750682,172821474,"Gain",1.0986585166923,1.10112749787987,"Gain","Gain",TRUE,FALSE
"NAALADL2",1.10072237711114,"chr3",174438573,175810548,"Gain",1.10001063430756,1.10296751990381,"Gain","Gain",TRUE,FALSE
"GNB4",1.10234223782309,"chr3",179396088,179451476,"Gain",1.10156303332043,1.10480018381759,"Gain","Gain",TRUE,FALSE
"B3GNT5",1.10406624823753,"chr3",183253253,183298504,"Gain",1.10319084071429,1.10682765991825,"Gain","Gain",TRUE,FALSE
"EEF1AKMT4",1.10604696537481,"chr3",184249672,184258759,"Gain",1.10508226108391,1.10909005745088,"Gain","Gain",TRUE,FALSE
"EPHB3",1.10804049452875,"chr3",184561785,184582408,"Gain",1.10696946052584,1.11141899622943,"Gain","Gain",TRUE,FALSE
"MAGEF1",1.11011754949094,"chr3",184710364,184712064,"Gain",1.10898867759806,1.11367849676207,"Gain","Gain",TRUE,FALSE
"MAP3K13",1.11207985299272,"chr3",185282941,185489094,"Gain",1.1108852885926,1.11584802267402,"Gain","Gain",TRUE,FALSE
"TMEM41A",1.11333734097871,"chr3",185476496,185499057,"Gain",1.11206103701687,1.11736335237886,"Gain","Gain",TRUE,FALSE
"IGF2BP2",1.11465425689912,"chr3",185643130,185825042,"Gain",1.11334077991268,1.1187975280002,"Gain","Gain",TRUE,FALSE
"ETV5",1.11552915155349,"chr3",186046314,186110318,"Gain",1.11418818060177,1.11975915044115,"Gain","Gain",TRUE,FALSE
"RFC4",1.11610347210953,"chr3",186789880,186807058,"Gain",1.11477780586133,1.12028519338253,"Gain","Gain",TRUE,FALSE
"ST6GAL1",1.1166422456143,"chr3",186930325,187078553,"Gain",1.11529569419725,1.12088984768875,"Gain","Gain",TRUE,FALSE
"RPL39L",1.11711185517007,"chr3",187120948,187180908,"Gain",1.11566760935443,1.12166762737814,"Gain","Gain",TRUE,FALSE
"RTP4",1.11723745297283,"chr3",187368385,187372076,"Gain",1.1157387181886,1.12196510681355,"Gain","Gain",TRUE,FALSE
"SST",1.1176056649895,"chr3",187668912,187670394,"Gain",1.11605625807058,1.12249316052784,"Gain","Gain",TRUE,FALSE
"BCL6",1.11793213045172,"chr3",187721377,187745725,"Gain",1.11628376200688,1.12313179318803,"Gain","Gain",TRUE,FALSE
"CLDN1",1.11844297622736,"chr3",190305707,190322446,"Gain",1.11674091594589,1.12381200609941,"Gain","Gain",TRUE,FALSE
"CLDN16",1.11878811404157,"chr3",190322541,190412138,"Gain",1.11708499471227,1.12416048460581,"Gain","Gain",TRUE,FALSE
"IL1RAP",1.11891195429513,"chr3",190514051,190659750,"Gain",1.11720022890023,1.12431147209015,"Gain","Gain",TRUE,FALSE
"CCDC50",1.11913560512912,"chr3",191329085,191398659,"Gain",1.117425951445,1.12452858785769,"Gain","Gain",TRUE,FALSE
"HES1",1.11935860544126,"chr3",194136148,194138732,"Gain",1.11764092884245,1.12477689589194,"Gain","Gain",TRUE,FALSE
"ATP13A3",1.1192833503818,"chr3",194402672,194498364,"Gain",1.11737995904129,1.12528746496968,"Gain","Gain",TRUE,FALSE
"MUC20",1.11907831899771,"chr3",195720884,195741123,"Gain",1.11707158151329,1.12540843175373,"Gain","Gain",TRUE,FALSE
"MUC4",1.11903308070465,"chr3",195746765,195811973,"Gain",1.11686026173779,1.12588708585749,"Gain","Gain",TRUE,FALSE
"TFRC",1.11902029748385,"chr3",196012511,196082153,"Gain",1.11679266946321,1.12604719395565,"Gain","Gain",TRUE,FALSE
"MELTF",1.11905212303809,"chr3",196980590,197029835,"Gain",1.11670603783432,1.12645268439223,"Gain","Gain",TRUE,FALSE
"IQCG",1.11930585413514,"chr3",197889077,197960142,"Gain",1.11686269202902,1.12701263777429,"Gain","Gain",TRUE,FALSE
"RPL35A",1.11971600388453,"chr3",197950190,197956610,"Gain",1.11714669126131,1.12782072048884,"Gain","Gain",TRUE,FALSE
"FGFRL1",1.01709511785528,"chr4",1009936,1026898,"Neutral",1.01809985480187,1.01392574557246,"Neutral","Neutral",FALSE,FALSE
"RNF212",1.0160468215663,"chr4",1056250,1113564,"Neutral",1.01698568196713,1.01308525223022,"Neutral","Neutral",FALSE,FALSE
"TACC3",1.01504474122538,"chr4",1712858,1745171,"Neutral",1.01592810966079,1.0122582174052,"Neutral","Neutral",FALSE,FALSE
"NSD2",1.01418790685382,"chr4",1871393,1982207,"Neutral",1.01500429311203,1.01161267361725,"Neutral","Neutral",FALSE,FALSE
"NAT8L",1.01334715199935,"chr4",2059327,2069089,"Neutral",1.01408974192864,1.01100470411051,"Neutral","Neutral",FALSE,FALSE
"DOK7",1.01239083074363,"chr4",3463306,3501473,"Neutral",1.01308123293556,1.01021300541476,"Neutral","Neutral",FALSE,FALSE
"ADRA2C",1.01137899519396,"chr4",3766348,3768526,"Neutral",1.01204145584998,1.00928930948191,"Neutral","Neutral",FALSE,FALSE
"NSG1",1.01037842007898,"chr4",4348140,4419058,"Neutral",1.01099949893767,1.00841927034643,"Neutral","Neutral",FALSE,FALSE
"AFAP1",1.00927835169161,"chr4",7758714,7939926,"Neutral",1.0098360176617,1.00751923347197,"Neutral","Neutral",FALSE,FALSE
"SH3TC1",1.00821251702448,"chr4",8182072,8241803,"Neutral",1.00872794630019,1.00658663149721,"Neutral","Neutral",FALSE,FALSE
"CD38",1.00730317712957,"chr4",15778275,15853232,"Neutral",1.00779227830567,1.00576034174733,"Neutral","Neutral",FALSE,FALSE
"NCAPG",1.00658128357151,"chr4",17810979,17844865,"Neutral",1.00707788803266,1.00501477960244,"Neutral","Neutral",FALSE,FALSE
"ADGRA3",1.00582275022593,"chr4",22345071,22516066,"Neutral",1.00631896598994,1.00425747237477,"Neutral","Neutral",FALSE,FALSE
"SOD3",1.00507169075004,"chr4",24789912,24800842,"Neutral",1.00556195005887,1.00352520211926,"Neutral","Neutral",FALSE,FALSE
"SLC34A2",1.00437343655031,"chr4",25648011,25678748,"Neutral",1.00483308771363,1.00292349916944,"Neutral","Neutral",FALSE,FALSE
"SEL1L3",1.00341138062046,"chr4",25747433,25863760,"Neutral",1.00392866661125,1.00177963821557,"Neutral","Neutral",FALSE,FALSE
"PCDH7",1.00261311475684,"chr4",30720369,31146805,"Neutral",1.00319993369257,1.00076203555024,"Neutral","Neutral",FALSE,FALSE
"TLR1",1.00181868104695,"chr4",38790677,38856817,"Neutral",1.00244114680784,0.999855156428644,"Neutral","Neutral",FALSE,FALSE
"FAM114A1",1.00115757965054,"chr4",38867677,38945739,"Neutral",1.00181998228815,0.999068076953506,"Neutral","Neutral",FALSE,FALSE
"RPL9",1.00041693989334,"chr4",39452587,39458931,"Neutral",1.00110387374942,0.998250055186887,"Neutral","Neutral",FALSE,FALSE
"UGDH",0.999751878622794,"chr4",39498755,39528311,"Neutral",1.00054757675337,0.997241904634973,"Neutral","Neutral",FALSE,FALSE
"RHOH",0.999076285755872,"chr4",40191011,40246967,"Neutral",0.999941741886009,0.996346265047291,"Neutral","Neutral",FALSE,FALSE
"RBM47",0.998605620819946,"chr4",40423267,40630875,"Neutral",0.999511416736644,0.995748351081803,"Neutral","Neutral",FALSE,FALSE
"UCHL1",0.998114906371914,"chr4",41256413,41268455,"Neutral",0.999055060445089,0.995149256237095,"Neutral","Neutral",FALSE,FALSE
"LIMCH1",0.997611481558933,"chr4",41359607,41700044,"Neutral",0.998566957655545,0.994597499174999,"Neutral","Neutral",FALSE,FALSE
"OCIAD2",0.997095695489496,"chr4",48885019,48906937,"Neutral",0.998119202695661,0.993867113738313,"Neutral","Neutral",FALSE,FALSE
"SGCB",0.996548593783209,"chr4",52020706,52038299,"Neutral",0.997626828513668,0.993147377892123,"Neutral","Neutral",FALSE,FALSE
"SRD5A3",0.99600647370597,"chr4",55346213,55373100,"Neutral",0.997092602030754,0.992580358024793,"Neutral","Neutral",FALSE,FALSE
"NMU",0.995371997541655,"chr4",55595229,55636698,"Neutral",0.996489889520499,0.991845685639843,"Neutral","Neutral",FALSE,FALSE
"PAICS",0.994612362429686,"chr4",56435741,56464578,"Neutral",0.995761828875458,0.990986451084792,"Neutral","Neutral",FALSE,FALSE
"HOPX",0.993853858034861,"chr4",56647989,56681877,"Neutral",0.995074289411216,0.990004092789891,"Neutral","Neutral",FALSE,FALSE
"IGFBP7",0.99321934582471,"chr4",57030773,57110385,"Neutral",0.994501227855051,0.9891757387984,"Neutral","Neutral",FALSE,FALSE
"UGT2B7",0.992509286660548,"chr4",69051363,69112987,"Neutral",0.993847838562197,0.988286918496802,"Neutral","Neutral",FALSE,FALSE
"JCHAIN",0.991742378665916,"chr4",70655541,70681817,"Neutral",0.993091077621362,0.987488002332107,"Neutral","Neutral",FALSE,FALSE
"DCK",0.990990958861226,"chr4",70992538,71030914,"Neutral",0.992372171347746,0.986634020872296,"Neutral","Neutral",FALSE,FALSE
"CXCL8",0.990310456081393,"chr4",73740519,73743716,"Neutral",0.991696953932401,0.985936845780601,"Neutral","Neutral",FALSE,FALSE
"CXCL1",0.98965604831487,"chr4",73869393,73871308,"Neutral",0.991024860637848,0.985338225772787,"Neutral","Neutral",FALSE,FALSE
"CXCL3",0.988953728042237,"chr4",74036589,74038807,"Neutral",0.990319865287527,0.984644343845244,"Neutral","Neutral",FALSE,FALSE
"CXCL2",0.988162614667143,"chr4",74097040,74099196,"Neutral",0.989533018399243,0.983839772136521,"Neutral","Neutral",FALSE,FALSE
"EREG",0.987520175054819,"chr4",74365145,74388749,"Neutral",0.988883713811491,0.983218987608061,"Neutral","Neutral",FALSE,FALSE
"AREG",0.986849399689078,"chr4",74445136,74455005,"Neutral",0.988172387764799,0.982676126523458,"Neutral","Neutral",FALSE,FALSE
"NAAA",0.986284207969488,"chr4",75913660,75941013,"Neutral",0.987561218257645,0.982255968512472,"Neutral","Neutral",FALSE,FALSE
"CXCL9",0.985755082312195,"chr4",76001275,76007509,"Neutral",0.98701693028061,0.981774671330177,"Neutral","Neutral",FALSE,FALSE
"CXCL10",0.985163568143204,"chr4",76021118,76023497,"Neutral",0.986425217921808,0.98118378233706,"Neutral","Neutral",FALSE,FALSE
"CXCL11",0.984599472317431,"chr4",76033682,76041415,"Neutral",0.985854815176137,0.980639581248093,"Neutral","Neutral",FALSE,FALSE
"SHROOM3",0.983994425397882,"chr4",76435229,76783253,"Neutral",0.985265756213451,0.979984101439108,"Neutral","Neutral",FALSE,FALSE
"CXCL13",0.983217906045139,"chr4",77511753,77611834,"Neutral",0.984457588998538,0.979307413049596,"Neutral","Neutral",FALSE,FALSE
"ANXA3",0.982520547587532,"chr4",78551747,78610451,"Neutral",0.983762019817587,0.978604410444179,"Neutral","Neutral",FALSE,FALSE
"BMP2K",0.981562226087433,"chr4",78776342,78916365,"Neutral",0.982785524596818,0.977703416672259,"Neutral","Neutral",FALSE,FALSE
"RASGEF1B",0.980747995292762,"chr4",81426393,82044244,"Neutral",0.981985441707351,0.976844557302151,"Neutral","Neutral",FALSE,FALSE
"SCD5",0.980158432837835,"chr4",82629539,82798796,"Neutral",0.981365080813778,0.976352146363479,"Neutral","Neutral",FALSE,FALSE
"PLAC8",0.979359463152347,"chr4",83090048,83137075,"Neutral",0.98055804581409,0.975578618146393,"Neutral","Neutral",FALSE,FALSE
"HPSE",0.978799219437557,"chr4",83292461,83335153,"Neutral",0.979995515336853,0.975025587863479,"Neutral","Neutral",FALSE,FALSE
"CDS1",0.978287725452755,"chr4",84583127,84651334,"Neutral",0.979482681605303,0.974518320015902,"Neutral","Neutral",FALSE,FALSE
"PTPN13",0.977610260546806,"chr4",86594315,86815171,"Neutral",0.978836860211597,0.97374103786826,"Neutral","Neutral",FALSE,FALSE
"SPP1",0.976916796646629,"chr4",87975667,87983532,"Neutral",0.978191830463391,0.97289479183011,"Neutral","Neutral",FALSE,FALSE
"HERC5",0.976659245601594,"chr4",88457119,88506163,"Neutral",0.978019731470113,0.972367688276563,"Neutral","Neutral",FALSE,FALSE
"FAM13A",0.976455189771707,"chr4",88725955,89111398,"Neutral",0.977844785109291,0.972071808666592,"Neutral","Neutral",FALSE,FALSE
"GPRIN3",0.976245827762483,"chr4",89236383,89307800,"Neutral",0.977675736704806,0.971735280216526,"Neutral","Neutral",FALSE,FALSE
"BMPR1B",0.976381330317123,"chr4",94757955,95158448,"Neutral",0.977826857589758,0.971821515842778,"Neutral","Neutral",FALSE,FALSE
"DAPP1",0.976351361814681,"chr4",99816827,99870190,"Neutral",0.977817586578461,0.971726258555067,"Neutral","Neutral",FALSE,FALSE
"SLC39A8",0.976395659049978,"chr4",102251080,102431258,"Neutral",0.97790356378604,0.971639079238868,"Neutral","Neutral",FALSE,FALSE
"NFKB1",0.976397541516521,"chr4",102501330,102617302,"Neutral",0.977942929090366,0.971522724720541,"Neutral","Neutral",FALSE,FALSE
"CENPE",0.976507476873409,"chr4",103105349,103198445,"Neutral",0.97813067147603,0.97138722325812,"Neutral","Neutral",FALSE,FALSE
"SGMS2",0.976646253158601,"chr4",107824563,107915047,"Neutral",0.978309459867698,0.971399784157612,"Neutral","Neutral",FALSE,FALSE
"RPL34",0.976741526201274,"chr4",108620569,108630412,"Neutral",0.978457684961814,0.971328023665053,"Neutral","Neutral",FALSE,FALSE
"PLA2G12A",0.977187842841842,"chr4",109709989,109730070,"Neutral",0.978934231161115,0.971678983281184,"Neutral","Neutral",FALSE,FALSE
"CFI",0.977461262963077,"chr4",109731008,109802150,"Neutral",0.979221102697604,0.971909971855721,"Neutral","Neutral",FALSE,FALSE
"ELOVL6",0.977877216540762,"chr4",110045846,110199199,"Neutral",0.979642749417441,0.97230796681548,"Neutral","Neutral",FALSE,FALSE
"TIFA",0.978117993218825,"chr4",112272968,112285955,"Neutral",0.979919252759918,0.972436046234487,"Neutral","Neutral",FALSE,FALSE
"USP53",0.978476039434039,"chr4",119212587,119295518,"Neutral",0.980310962799942,0.972687902273609,"Neutral","Neutral",FALSE,FALSE
"MAD2L1",0.978738729710838,"chr4",120055623,120066858,"Neutral",0.980614012496377,0.97282328158968,"Neutral","Neutral",FALSE,FALSE
"CCNA2",0.979033133387239,"chr4",121816444,121823883,"Neutral",0.980930725693487,0.973047311446527,"Neutral","Neutral",FALSE,FALSE
"SPRY1",0.979156658407295,"chr4",123396795,123403760,"Neutral",0.981115427135181,0.972977859731968,"Neutral","Neutral",FALSE,FALSE
"SLC7A11",0.979235555231524,"chr4",138164097,138242349,"Neutral",0.981270965530516,0.972814996091431,"Neutral","Neutral",FALSE,FALSE
"CLGN",0.979355545969942,"chr4",140388453,140427661,"Neutral",0.981479465474616,0.972655790743535,"Neutral","Neutral",FALSE,FALSE
"RNF150",0.979417074295201,"chr4",140859807,141212877,"Neutral",0.981660182461121,0.972341346790015,"Neutral","Neutral",FALSE,FALSE
"INPP4B",0.979534667449022,"chr4",142023160,142847432,"Neutral",0.981830185025592,0.972293618130959,"Neutral","Neutral",FALSE,FALSE
"SMAD1",0.979732346410026,"chr4",145481194,145559176,"Neutral",0.982125581239868,0.972183054864856,"Neutral","Neutral",FALSE,FALSE
"PRMT9",0.979847843116456,"chr4",147637785,147684163,"Neutral",0.98234489597128,0.971971064887378,"Neutral","Neutral",FALSE,FALSE
"RPS3A",0.98033220900234,"chr4",151099624,151104642,"Neutral",0.982865925319389,0.972339778451166,"Neutral","Neutral",FALSE,FALSE
"TRIM2",0.980839987610094,"chr4",153152163,153339319,"Neutral",0.983380374284063,0.972826515885497,"Neutral","Neutral",FALSE,FALSE
"TLR2",0.981179669396635,"chr4",153684070,153706260,"Neutral",0.983747842676247,0.97307854677191,"Neutral","Neutral",FALSE,FALSE
"MAP9",0.981755223119534,"chr4",155342658,155376970,"Neutral",0.984364064978238,0.973525814312248,"Neutral","Neutral",FALSE,FALSE
"GUCY1B1",0.982253575883476,"chr4",155758992,155807811,"Neutral",0.98487606259392,0.973981125347654,"Neutral","Neutral",FALSE,FALSE
"PDGFC",0.982674724766076,"chr4",156760454,156971799,"Neutral",0.985284701964301,0.974441734609837,"Neutral","Neutral",FALSE,FALSE
"FNIP2",0.983033616880643,"chr4",158769026,158908050,"Neutral",0.985681036366878,0.974682517650954,"Neutral","Neutral",FALSE,FALSE
"NAF1",0.983464188562084,"chr4",163110073,163166890,"Neutral",0.986149669243759,0.974993027958832,"Neutral","Neutral",FALSE,FALSE
"MSMO1",0.983806911712217,"chr4",165327667,165343164,"Neutral",0.986503717554358,0.975300026683978,"Neutral","Neutral",FALSE,FALSE
"CPE",0.984143650986082,"chr4",165361194,165498547,"Neutral",0.98684899629546,0.975609828806915,"Neutral","Neutral",FALSE,FALSE
"DDX60L",0.984362935513116,"chr4",168356735,168537786,"Neutral",0.987131748181783,0.975628909997069,"Neutral","Neutral",FALSE,FALSE
"PALLD",0.984690578191592,"chr4",168497052,168928457,"Neutral",0.98750665306816,0.975807467353008,"Neutral","Neutral",FALSE,FALSE
"HMGB2",0.984877722272815,"chr4",173331376,173334432,"Neutral",0.987727499635758,0.975888299302941,"Neutral","Neutral",FALSE,FALSE
"SAP30",0.985167429205943,"chr4",173369969,173377532,"Neutral",0.988016489479595,0.976180268243982,"Neutral","Neutral",FALSE,FALSE
"HPGD",0.985586853391994,"chr4",174490175,174523154,"Neutral",0.988461499203608,0.976518984643648,"Neutral","Neutral",FALSE,FALSE
"CENPU",0.986088042960495,"chr4",184694085,184734130,"Neutral",0.988959724290252,0.977029525462403,"Neutral","Neutral",FALSE,FALSE
"ACSL1",0.986480408175522,"chr4",184755595,184826818,"Neutral",0.989374546508739,0.977351051633875,"Neutral","Neutral",FALSE,FALSE
"SLC25A4",0.98726246732025,"chr4",185143266,185150382,"Neutral",0.990184638199835,0.978044684075699,"Neutral","Neutral",FALSE,FALSE
"ANKRD37",0.987866959447409,"chr4",185396021,185400628,"Neutral",0.990825035073294,0.978535917196973,"Neutral","Neutral",FALSE,FALSE
"SORBS2",0.988629386010221,"chr4",185585444,185956652,"Neutral",0.991558495021138,0.979389716916629,"Neutral","Neutral",FALSE,FALSE
"FAT1",0.989294752782797,"chr4",186587794,186726722,"Neutral",0.992205220489675,0.980113886376351,"Neutral","Neutral",FALSE,FALSE
"PLEKHG4B",0.98807459020247,"chr5",92168,189972,"Neutral",0.98794126085897,0.988495168272396,"Neutral","Neutral",FALSE,FALSE
"TRIP13",0.987541068437259,"chr5",892884,919357,"Neutral",0.987361763825699,0.988106672268186,"Neutral","Neutral",FALSE,FALSE
"MIR4458HG",0.98689024101382,"chr5",8450701,8486930,"Neutral",0.986681685342442,0.987548115262934,"Neutral","Neutral",FALSE,FALSE
"SNHG18",0.986050498713498,"chr5",9546170,9550725,"Neutral",0.985841661640901,0.986709260623037,"Neutral","Neutral",FALSE,FALSE
"CMBL",0.985156180994527,"chr5",10275875,10307902,"Neutral",0.984878873583618,0.986030927787651,"Neutral","Neutral",FALSE,FALSE
"ANKRD33B",0.984242417982223,"chr5",10564070,10657816,"Neutral",0.983912030082223,0.985284603458133,"Neutral","Neutral",FALSE,FALSE
"OTULINL",0.983090978400262,"chr5",14581792,14616180,"Neutral",0.982768206854378,0.984109138620889,"Neutral","Neutral",FALSE,FALSE
"ANKH",0.982095675664393,"chr5",14704800,14871778,"Neutral",0.981789894874161,0.983060239737082,"Neutral","Neutral",FALSE,FALSE
"MYO10",0.981250471269389,"chr5",16661907,16936288,"Neutral",0.980907577820338,0.982332104623348,"Neutral","Neutral",FALSE,FALSE
"BASP1",0.980233682425091,"chr5",17065598,17276843,"Neutral",0.979845570503193,0.981457954282593,"Neutral","Neutral",FALSE,FALSE
"CDH6",0.979436013517306,"chr5",31193686,31329146,"Neutral",0.979014065181386,0.980767019971475,"Neutral","Neutral",FALSE,FALSE
"PDZD2",0.978569094070391,"chr5",31639131,32110932,"Neutral",0.978111652198964,0.980012062394818,"Neutral","Neutral",FALSE,FALSE
"RAI14",0.977706299297045,"chr5",34656328,34832612,"Neutral",0.977286867321631,0.979029368068355,"Neutral","Neutral",FALSE,FALSE
"IL7R",0.976678431954869,"chr5",35852695,35879603,"Neutral",0.976227595250016,0.978100564744248,"Neutral","Neutral",FALSE,FALSE
"SLC1A3",0.976285324537325,"chr5",36596588,36688334,"Neutral",0.975870441941707,0.977594042608899,"Neutral","Neutral",FALSE,FALSE
"LIFR",0.976113106092683,"chr5",38474668,38608354,"Neutral",0.97568577683106,0.977461086299871,"Neutral","Neutral",FALSE,FALSE
"OSMR",0.975909325420088,"chr5",38845858,38945596,"Neutral",0.975399008044017,0.977519085818227,"Neutral","Neutral",FALSE,FALSE
"DAB2",0.975673855671373,"chr5",39371675,39462300,"Neutral",0.975103610494055,0.977472654118617,"Neutral","Neutral",FALSE,FALSE
"PTGER4",0.975690830547024,"chr5",40679915,40693735,"Neutral",0.97509930413565,0.977556759155639,"Neutral","Neutral",FALSE,FALSE
"RPL37",0.975909047579088,"chr5",40825262,40835222,"Neutral",0.975307000554456,0.977808162724908,"Neutral","Neutral",FALSE,FALSE
"OXCT1",0.975834595639864,"chr5",41730065,41870425,"Neutral",0.975199515798133,0.977837910492175,"Neutral","Neutral",FALSE,FALSE
"SELENOP",0.97581675155921,"chr5",42799880,42887392,"Neutral",0.97515646375453,0.977899583163986,"Neutral","Neutral",FALSE,FALSE
"HMGCS1",0.975705507258935,"chr5",43287470,43313512,"Neutral",0.974979862407955,0.977994503085835,"Neutral","Neutral",FALSE,FALSE
"CCL28",0.975360860456498,"chr5",43376645,43412391,"Neutral",0.974595072907273,0.977776483611686,"Neutral","Neutral",FALSE,FALSE
"ITGA2",0.974955142751484,"chr5",52989340,53094779,"Neutral",0.974144081279294,0.977513579323725,"Neutral","Neutral",FALSE,FALSE
"FST",0.974420408546855,"chr5",53480626,53487134,"Neutral",0.973546328235837,0.977177633629613,"Neutral","Neutral",FALSE,FALSE
"GZMK",0.97400827835445,"chr5",55024256,55034570,"Neutral",0.973158707443613,0.976688190252034,"Neutral","Neutral",FALSE,FALSE
"GZMA",0.973819822110743,"chr5",55102646,55110252,"Neutral",0.973023563576352,0.976331563853129,"Neutral","Neutral",FALSE,FALSE
"GPX8",0.974443534610883,"chr5",55160167,55167297,"Neutral",0.973710474078805,0.976755922684093,"Neutral","Neutral",FALSE,FALSE
"IL6ST",0.975126731719281,"chr5",55935095,55995022,"Neutral",0.974444978860917,0.977277273331565,"Neutral","Neutral",FALSE,FALSE
"PLK2",0.97566370967481,"chr5",58453982,58460139,"Neutral",0.975027337591337,0.977671100813132,"Neutral","Neutral",FALSE,FALSE
"GAPT",0.975890333365813,"chr5",58491435,58497090,"Neutral",0.975321277164949,0.97768538127016,"Neutral","Neutral",FALSE,FALSE
"PART1",0.976274457978822,"chr5",60487713,60548813,"Neutral",0.975794760888063,0.977787628832913,"Neutral","Neutral",FALSE,FALSE
"ZSWIM6",0.976503742037918,"chr5",61332258,61546172,"Neutral",0.976054977451213,0.977919338475821,"Neutral","Neutral",FALSE,FALSE
"CENPK",0.976803801873813,"chr5",65517766,65563168,"Neutral",0.976442916895665,0.977942188245407,"Neutral","Neutral",FALSE,FALSE
"SGTB",0.977117469081344,"chr5",65665928,65723035,"Neutral",0.976830560432559,0.978022502306462,"Neutral","Neutral",FALSE,FALSE
"NLN",0.977581955270466,"chr5",65722205,65871725,"Neutral",0.977378367329089,0.978224159163446,"Neutral","Neutral",FALSE,FALSE
"MAST4",0.97785988916514,"chr5",66596380,67169593,"Neutral",0.977744706767289,0.978223223966812,"Neutral","Neutral",FALSE,FALSE
"CCNB1",0.978052355016194,"chr5",69167135,69178245,"Neutral",0.978034842320283,0.978107597588099,"Neutral","Neutral",FALSE,FALSE
"CENPH",0.977892875147401,"chr5",69189574,69210357,"Neutral",0.977981905815829,0.9776120341434,"Neutral","Neutral",FALSE,FALSE
"OCLN",0.977769673142297,"chr5",69492292,69558104,"Neutral",0.977967182415089,0.97714664398336,"Neutral","Neutral",FALSE,FALSE
"NAIP",0.977609755511047,"chr5",70968166,71025339,"Neutral",0.977917543980187,0.976638858355948,"Neutral","Neutral",FALSE,FALSE
"MAP1B",0.977399694470135,"chr5",72107234,72209565,"Neutral",0.977840424748425,0.976009441695062,"Neutral","Neutral",FALSE,FALSE
"FCHO2",0.976954506564449,"chr5",72956041,73090522,"Neutral",0.97748237391188,0.975289386011616,"Neutral","Neutral",FALSE,FALSE
"ARHGEF28",0.97653877760429,"chr5",73626158,73941993,"Neutral",0.977146611498262,0.974621408184702,"Neutral","Neutral",FALSE,FALSE
"ENC1",0.97594245154501,"chr5",74627406,74641424,"Neutral",0.976645183220938,0.973725733722982,"Neutral","Neutral",FALSE,FALSE
"HEXB",0.975342652927539,"chr5",74640023,74722647,"Neutral",0.976148925692177,0.97279932199767,"Neutral","Neutral",FALSE,FALSE
"IQGAP2",0.974793553972824,"chr5",76403285,76708132,"Neutral",0.975726847861758,0.971849543808408,"Neutral","Neutral",FALSE,FALSE
"LHFPL2",0.974482953949509,"chr5",78485215,78770021,"Neutral",0.975502880319098,0.971265667696351,"Neutral","Neutral",FALSE,FALSE
"DHFR",0.974303455987486,"chr5",80626226,80654983,"Neutral",0.975454878677887,0.970671373806007,"Neutral","Neutral",FALSE,FALSE
"RPS23",0.973940456467177,"chr5",82273320,82278396,"Neutral",0.975220808732086,0.96990167497871,"Neutral","Neutral",FALSE,FALSE
"VCAN",0.973544408027475,"chr5",83471618,83582303,"Neutral",0.974901390513654,0.969263901876506,"Neutral","Neutral",FALSE,FALSE
"MEF2C",0.973451889606316,"chr5",88717117,88904257,"Neutral",0.974926148404216,0.968801443549123,"Neutral","Neutral",FALSE,FALSE
"ARRDC3",0.973746412972323,"chr5",91368631,91383317,"Neutral",0.975332848763449,0.96874211245172,"Neutral","Neutral",FALSE,FALSE
"NR2F1",0.974095443764124,"chr5",93583222,93594611,"Neutral",0.975831313090886,0.96861976562814,"Neutral","Neutral",FALSE,FALSE
"RHOBTB3",0.974261917496519,"chr5",95713522,95824383,"Neutral",0.976172436955843,0.968235317757408,"Neutral","Neutral",FALSE,FALSE
"GLRX",0.97453349800302,"chr5",95751319,95822726,"Neutral",0.976577265950533,0.968086575246397,"Neutral","Neutral",FALSE,FALSE
"ELL2",0.975110171941653,"chr5",95885098,95961851,"Neutral",0.97725793574149,0.968335201557237,"Neutral","Neutral",FALSE,FALSE
"LIX1",0.975643461704373,"chr5",97091867,97142753,"Neutral",0.977886423356189,0.968568196367658,"Neutral","Neutral",FALSE,FALSE
"ST8SIA4",0.976271032982425,"chr5",100806933,100903282,"Neutral",0.978606723368923,0.968903261350884,"Neutral","Neutral",FALSE,FALSE
"PAM",0.977070787722808,"chr5",102753981,103029730,"Neutral",0.979422382029237,0.96965284829044,"Neutral","Neutral",FALSE,FALSE
"EFNA5",0.977788333516714,"chr5",107376894,107670937,"Neutral",0.980216395662455,0.970129181644352,"Neutral","Neutral",FALSE,FALSE
"NREP",0.978441178973941,"chr5",111662621,111997464,"Neutral",0.980964881842087,0.970480335145558,"Neutral","Neutral",FALSE,FALSE
"CCDC112",0.978949599922869,"chr5",115267190,115296693,"Neutral",0.981537554578526,0.970786078333753,"Neutral","Neutral",FALSE,FALSE
"SNX24",0.979547507590598,"chr5",122843439,123029354,"Neutral",0.982163115611268,0.971296755399586,"Neutral","Neutral",FALSE,FALSE
"PPIC",0.979960469166458,"chr5",123023250,123036725,"Neutral",0.982638362860445,0.971513241184147,"Neutral","Neutral",FALSE,FALSE
"ZNF608",0.980273412198345,"chr5",124636913,124748807,"Neutral",0.9830222806801,0.971602299222159,"Neutral","Neutral",FALSE,FALSE
"GRAMD2B",0.980407619813238,"chr5",126360132,126496494,"Neutral",0.983249649850942,0.97144263523787,"Neutral","Neutral",FALSE,FALSE
"ALDH7A1",0.980495707805304,"chr5",126531200,126595362,"Neutral",0.983395912975815,0.971347213850601,"Neutral","Neutral",FALSE,FALSE
"LMNB1",0.980389627457475,"chr5",126776623,126837020,"Neutral",0.983425824358439,0.970812157119791,"Neutral","Neutral",FALSE,FALSE
"SLC12A2",0.980173238749348,"chr5",128083766,128189677,"Neutral",0.983309165952727,0.970281176162112,"Neutral","Neutral",FALSE,FALSE
"P4HA2",0.980015866977394,"chr5",132190147,132295315,"Neutral",0.983276305199181,0.969731043108726,"Neutral","Neutral",FALSE,FALSE
"PDLIM4",0.979918435450886,"chr5",132257696,132273454,"Neutral",0.983337856966623,0.969132109923508,"Neutral","Neutral",FALSE,FALSE
"TCF7",0.979752817496751,"chr5",134114681,134151865,"Neutral",0.983325575778619,0.968482801886947,"Neutral","Neutral",FALSE,FALSE
"PITX1",0.979776639981506,"chr5",135027734,135034813,"Neutral",0.983493815924905,0.968051068979653,"Neutral","Neutral",FALSE,FALSE
"TGFBI",0.979741522146846,"chr5",136028988,136063818,"Neutral",0.98356955814589,0.967666250868889,"Neutral","Neutral",FALSE,FALSE
"EGR1",0.979976045891672,"chr5",138465479,138469303,"Neutral",0.983944197597497,0.967458789436435,"Neutral","Neutral",FALSE,FALSE
"MZB1",0.980089616652819,"chr5",139387467,139390081,"Neutral",0.984104260702665,0.967425703356696,"Neutral","Neutral",FALSE,FALSE
"CXXC5",0.980065893250805,"chr5",139647299,139683882,"Neutral",0.984089325445541,0.967374258367529,"Neutral","Neutral",FALSE,FALSE
"CYSTM1",0.979530127141506,"chr5",140175156,140282052,"Neutral",0.983646038876265,0.966546772030489,"Neutral","Neutral",FALSE,FALSE
"HBEGF",0.978768374800501,"chr5",140332843,140346603,"Neutral",0.983028270658564,0.96533083186339,"Neutral","Neutral",FALSE,FALSE
"CD14",0.978055727372824,"chr5",140631728,140633700,"Neutral",0.982441634926039,0.964220689374661,"Neutral","Neutral",FALSE,FALSE
"PCDH1",0.977757265795678,"chr5",141853090,141879246,"Neutral",0.982205964620068,0.963724157133206,"Neutral","Neutral",FALSE,FALSE
"PPP2R2B",0.977313302185469,"chr5",146580742,147084784,"Neutral",0.981869851108598,0.962939987945007,"Neutral","Neutral",FALSE,FALSE
"DPYSL3",0.976908485078374,"chr5",147390808,147510068,"Neutral",0.981611691336098,0.962072550554147,"Neutral","Neutral",FALSE,FALSE
"PPARGC1B",0.976340753166177,"chr5",149730298,149855022,"Neutral",0.981202369923266,0.961005123823619,"Neutral","Neutral",FALSE,FALSE
"SLC26A2",0.975749254821205,"chr5",149960758,149993455,"Neutral",0.980728802840416,0.960041619577283,"Neutral","Neutral",FALSE,FALSE
"CSF1R",0.97512660250318,"chr5",150053291,150113372,"Neutral",0.980242175289532,0.958989886664365,"Neutral","Neutral",FALSE,FALSE
"TCOF1",0.974644735743106,"chr5",150357629,150400308,"Neutral",0.97990930357168,0.95803802548565,"Neutral","Neutral",FALSE,FALSE
"CD74",0.974239347326565,"chr5",150401637,150412969,"Neutral",0.979653266414624,0.957161518988078,"Neutral","Neutral",FALSE,FALSE
"RPS14",0.974628208279739,"chr5",150442635,150449739,"Neutral",0.979966083394905,0.957790255324338,"Neutral","Neutral",FALSE,FALSE
"GPX3",0.97495478173407,"chr5",151020591,151028988,"Neutral",0.980239429793306,0.958284729796276,"Neutral","Neutral",FALSE,FALSE
"CCDC69",0.975166907712485,"chr5",151181052,151224093,"Neutral",0.980443476876134,0.958522340084628,"Neutral","Neutral",FALSE,FALSE
"GM2A",0.975513307823645,"chr5",151212150,151270440,"Neutral",0.980763156136353,0.958953029247401,"Neutral","Neutral",FALSE,FALSE
"SPARC",0.976000063939397,"chr5",151661096,151686975,"Neutral",0.981210126315271,0.959565287312565,"Neutral","Neutral",FALSE,FALSE
"HAVCR2",0.976474385332915,"chr5",157085422,157142869,"Neutral",0.981652857670172,0.96013925726897,"Neutral","Neutral",FALSE,FALSE
"PTTG1",0.977099604604144,"chr5",160421855,160428739,"Neutral",0.982243573479333,0.960873315293181,"Neutral","Neutral",FALSE,FALSE
"HMMR",0.977779655339011,"chr5",163460203,163491941,"Neutral",0.982852299266733,0.961778355576151,"Neutral","Neutral",FALSE,FALSE
"WWC1",0.978382598207239,"chr5",168291645,168472303,"Neutral",0.983426239570826,0.962472785000352,"Neutral","Neutral",FALSE,FALSE
"SPDL1",0.978663585764958,"chr5",169583636,169604778,"Neutral",0.983745337954845,0.962633554627436,"Neutral","Neutral",FALSE,FALSE
"DOCK2",0.978911092818938,"chr5",169637268,170083382,"Neutral",0.984042508450116,0.962724401836437,"Neutral","Neutral",FALSE,FALSE
"LCP2",0.979519283672911,"chr5",170246233,170297815,"Neutral",0.984676937767981,0.963249825294935,"Neutral","Neutral",FALSE,FALSE
"NPM1",0.980426974939785,"chr5",171387116,171411810,"Neutral",0.985604008798614,0.964096384455229,"Neutral","Neutral",FALSE,FALSE
"FGF18",0.980805137527584,"chr5",171419647,171457626,"Neutral",0.98602096166496,0.9643521858279,"Neutral","Neutral",FALSE,FALSE
"DUSP1",0.980895565906715,"chr5",172768096,172771195,"Neutral",0.986219923663945,0.964100252509583,"Neutral","Neutral",FALSE,FALSE
"STC2",0.981422454795952,"chr5",173314723,173328447,"Neutral",0.986696514656953,0.964785802587436,"Neutral","Neutral",FALSE,FALSE
"CPEB4",0.981937382869777,"chr5",173888349,173961980,"Neutral",0.987202381747177,0.965329312899011,"Neutral","Neutral",FALSE,FALSE
"NOP16",0.982561937058084,"chr5",176383946,176388927,"Neutral",0.98784643078058,0.96589237196472,"Neutral","Neutral",FALSE,FALSE
"PRR7",0.982989508566551,"chr5",177446445,177456286,"Neutral",0.988324988146745,0.966159112158333,"Neutral","Neutral",FALSE,FALSE
"DBN1",0.983177464309143,"chr5",177456608,177474401,"Neutral",0.988547788247124,0.96623715381629,"Neutral","Neutral",FALSE,FALSE
"PDLIM7",0.983199939230712,"chr5",177483394,177497606,"Neutral",0.98859253349829,0.966189378543919,"Neutral","Neutral",FALSE,FALSE
"COL23A1",0.982978718339517,"chr5",178237476,178590393,"Neutral",0.988404947438762,0.96586205893347,"Neutral","Neutral",FALSE,FALSE
"LTC4S",0.982771796935684,"chr5",179793980,179796647,"Neutral",0.988239990189112,0.965522764546251,"Neutral","Neutral",FALSE,FALSE
"RNF130",0.982694066983687,"chr5",179911651,180072113,"Neutral",0.988194029912595,0.965344819379468,"Neutral","Neutral",FALSE,FALSE
"BTNL9",0.982909056321094,"chr5",181040225,181061521,"Neutral",0.988474548717065,0.965353100605543,"Neutral","Neutral",FALSE,FALSE
"RACK1",0.983046787431964,"chr5",181236897,181248096,"Neutral",0.988688164632327,0.96525145841921,"Neutral","Neutral",FALSE,FALSE
"FOXQ1",0.91499589710523,"chr6",1312098,1314758,"Loss",0.923796365064486,0.887235437692747,"Loss","Loss",TRUE,FALSE
"FOXC1",0.91097451646477,"chr6",1609915,1613897,"Loss",0.9201499006442,0.882031410111078,"Loss","Loss",TRUE,FALSE
"SERPINB9",0.907555864817111,"chr6",2887270,2903309,"Loss",0.916972806283555,0.877850782930641,"Loss","Loss",TRUE,FALSE
"TUBB2A",0.9047903552815,"chr6",3153497,3157544,"Loss",0.914505076601443,0.874145947716534,"Loss","Loss",TRUE,FALSE
"TUBB2B",0.902172167353551,"chr6",3223324,3231730,"Loss",0.912259335249547,0.870352903166678,"Loss","Loss",TRUE,FALSE
"PXDC1",0.899537908443672,"chr6",3722614,3751713,"Loss",0.909934023667704,0.866744091562526,"Loss","Loss",TRUE,FALSE
"F13A1",0.896868773104852,"chr6",6144084,6321013,"Loss",0.907608626583532,0.862990657989695,"Loss","Loss",TRUE,FALSE
"LY86",0.894544264562393,"chr6",6588108,6654983,"Loss",0.905543765527771,0.859847109647376,"Loss","Loss",TRUE,FALSE
"DSP",0.892380220216247,"chr6",7541338,7586714,"Loss",0.903654962443039,0.856814836031889,"Loss","Loss",TRUE,FALSE
"TFAP2A",0.889119362782744,"chr6",10393186,10419659,"Loss",0.900606847171514,0.85288289835808,"Loss","Loss",TRUE,FALSE
"GCNT2",0.885960948146261,"chr6",10492223,10629368,"Loss",0.897690423245479,0.848961140984969,"Loss","Loss",TRUE,FALSE
"NEDD9",0.883059067472447,"chr6",11183298,11382348,"Loss",0.89502998091772,0.8452976599693,"Loss","Loss",TRUE,FALSE
"EDN1",0.88024591633105,"chr6",12290361,12297194,"Loss",0.892495607289303,0.841605124700831,"Loss","Loss",TRUE,FALSE
"PHACTR1",0.878072135451539,"chr6",12716312,13290446,"Loss",0.890626647968118,0.83846980557845,"Loss","Loss",TRUE,FALSE
"GFOD1",0.876067474373075,"chr6",13357830,13487662,"Loss",0.888865008375146,0.835698550255724,"Loss","Loss",TRUE,FALSE
"CD83",0.874021158111905,"chr6",14117256,14136918,"Loss",0.887079422496187,0.832829778276692,"Loss","Loss",TRUE,FALSE
"GMPR",0.872343524038312,"chr6",16238587,16295549,"Loss",0.885650273309603,0.830368316041646,"Loss","Loss",TRUE,FALSE
"RNF144B",0.870547444014029,"chr6",18387350,18468870,"Loss",0.884052158520904,0.827947768555752,"Loss","Loss",TRUE,FALSE
"ID4",0.868898065466101,"chr6",19837370,19842197,"Loss",0.882579399740328,0.825741255329791,"Loss","Loss",TRUE,FALSE
"SOX4",0.866772501176736,"chr6",21593751,21598619,"Loss",0.880589767626427,0.823186902519488,"Loss","Loss",TRUE,FALSE
"DCDC2",0.864043693469805,"chr6",24171755,24358059,"Loss",0.877990988415874,0.820047929033545,"Loss","Loss",TRUE,FALSE
"GMNN",0.861173830362684,"chr6",24774931,24786099,"Loss",0.875293482733569,0.816634376509202,"Loss","Loss",TRUE,FALSE
"RIPOR2",0.858230491228291,"chr6",24804282,25042170,"Loss",0.87250439457235,0.813204463490333,"Loss","Loss",TRUE,FALSE
"HLA-A",0.855597102078884,"chr6",29941260,29949572,"Loss",0.870034367305115,0.810055760732538,"Loss","Loss",TRUE,FALSE
"TUBB",0.854025327829699,"chr6",30717435,30725538,"Loss",0.868575029213712,0.808129314503519,"Loss","Loss",TRUE,FALSE
"IER3",0.852097007170565,"chr6",30743199,30744548,"Loss",0.866761646052759,0.805838431561559,"Loss","Loss",TRUE,FALSE
"DDR1",0.850275794581392,"chr6",30876421,30900156,"Loss",0.865077016234316,0.803586378194275,"Loss","Loss",TRUE,FALSE
"SFTA2",0.848206446828455,"chr6",30931353,30955636,"Loss",0.863084141964176,0.801275800199363,"Loss","Loss",TRUE,FALSE
"HLA-C",0.846182981771295,"chr6",31268749,31272130,"Loss",0.861145477447184,0.798984837781336,"Loss","Loss",TRUE,FALSE
"HLA-B",0.844940671867098,"chr6",31353872,31367067,"Loss",0.859998602972073,0.79744148350451,"Loss","Loss",TRUE,FALSE
"TNF",0.844833752284146,"chr6",31575565,31578336,"Loss",0.859953316466924,0.797140146697074,"Loss","Loss",TRUE,FALSE
"LTB",0.844772984761843,"chr6",31580525,31582522,"Loss",0.859982583376635,0.79679537186888,"Loss","Loss",TRUE,FALSE
"LST1",0.845282880819245,"chr6",31586124,31588909,"Loss",0.860581554341118,0.797024287374552,"Loss","Loss",TRUE,FALSE
"AIF1",0.846049032377774,"chr6",31615217,31617021,"Loss",0.86142414980856,0.79754930197985,"Loss","Loss",TRUE,FALSE
"HSPA1A",0.847352279979095,"chr6",31815543,31817946,"Loss",0.862834659304311,0.798514199452448,"Loss","Loss",TRUE,FALSE
"HSPA1B",0.848539810965228,"chr6",31827738,31830254,"Loss",0.864059777566661,0.799583164009991,"Loss","Loss",TRUE,FALSE
"SLC44A4",0.849362273072063,"chr6",31863192,31879046,"Loss",0.864893519433038,0.800370044905869,"Loss","Loss",TRUE,FALSE
"C2",0.849826571680921,"chr6",31897785,31945673,"Loss",0.865343952439251,0.800878081586527,"Loss","Loss",TRUE,FALSE
"CFB",0.850266376998851,"chr6",31945650,31952086,"Loss",0.865794230194868,0.801284852333713,"Loss","Loss",TRUE,FALSE
"HLA-DRA",0.851050972516449,"chr6",32439878,32445046,"Loss",0.866582857147192,0.802056730973004,"Loss","Loss",TRUE,FALSE
"HLA-DRB5",0.852444172082792,"chr6",32517353,32530287,"Loss",0.867897923665723,0.803696395762859,"Loss","Loss",TRUE,FALSE
"HLA-DRB1",0.853983804393224,"chr6",32577902,32589848,"Loss",0.869370465539792,0.805447660152883,"Loss","Loss",TRUE,FALSE
"HLA-DQA1",0.856112015777559,"chr6",32628179,32647062,"Loss",0.871366498890494,0.807992817880855,"Loss","Loss",TRUE,FALSE
"HLA-DQB1",0.858711820331037,"chr6",32659467,32668383,"Loss",0.873855432435641,0.810942357259919,"Loss","Loss",TRUE,FALSE
"HLA-DQA2",0.861593209101137,"chr6",32741391,32747198,"Loss",0.87659148376387,0.814282202804684,"Loss","Loss",TRUE,FALSE
"HLA-DMB",0.864426312431656,"chr6",32934629,32941028,"Loss",0.879301806844379,0.817502607829028,"Loss","Loss",TRUE,FALSE
"HLA-DOA",0.867528514321116,"chr6",33004182,33009591,"Loss",0.882269222820818,0.821029982434885,"Loss","Loss",TRUE,FALSE
"HLA-DPA1",0.870593626362196,"chr6",33064569,33080775,"Loss",0.885219961733246,0.824455876494664,"Loss","Loss",TRUE,FALSE
"HLA-DPB1",0.874736636205033,"chr6",33075990,33089696,"Loss",0.889252314767699,0.828947945484361,"Loss","Loss",TRUE,FALSE
"RPS18",0.879730028340376,"chr6",33272075,33276511,"Loss",0.894106458096485,0.834380588220987,"Loss","Loss",TRUE,FALSE
"KIFC1",0.884403938138327,"chr6",33391823,33409896,"Loss",0.898600121284439,0.839623073317913,"Loss","Loss",TRUE,FALSE
"ITPR3",0.889113818792684,"chr6",33620365,33696574,"Loss",0.903162839648958,0.844797167101962,"Loss","Loss",TRUE,FALSE
"HMGA1",0.893817339319629,"chr6",34236873,34246231,"Loss",0.907663601410508,0.85014027594436,"Loss","Loss",TRUE,FALSE
"RPL10A",0.898033361500923,"chr6",35468401,35470785,"Loss",0.91173815616064,0.85480254722276,"Loss","Loss",TRUE,FALSE
"MAPK13",0.901832466987906,"chr6",36127809,36144524,"Loss",0.9153498577998,0.859192805013842,"Loss","Loss",TRUE,FALSE
"CDKN1A",0.905776677169635,"chr6",36676460,36687337,"Loss",0.919096169260381,0.863761272842056,"Loss","Loss",TRUE,FALSE
"FGD2",0.909913043504178,"chr6",37005646,37029069,"Loss",0.923006335389081,0.868611171873094,"Loss","Loss",TRUE,FALSE
"PIM1",0.914020208338823,"chr6",37170152,37175428,"Loss",0.926876852219387,0.873464826252375,"Loss","Loss",TRUE,FALSE
"TREM2",0.918390227246901,"chr6",41158506,41163186,"Loss",0.930972185879578,0.878701320524094,"Loss","Loss",TRUE,FALSE
"TREM1",0.922880194069831,"chr6",41267926,41286682,"Loss",0.935202821156555,0.884009330533948,"Loss","Loss",TRUE,FALSE
"PTK7",0.927746065498118,"chr6",43076307,43161719,"Loss",0.939792342137233,0.88974693008169,"Loss","Loss",TRUE,FALSE
"VEGFA",0.932650908248351,"chr6",43770184,43786487,"Loss",0.944352809554197,0.895738080685795,"Loss","Loss",TRUE,FALSE
"SLC29A1",0.937281006532211,"chr6",44219553,44234142,"Loss",0.94865652115802,0.901397742877609,"Loss","Loss",TRUE,FALSE
"HSP90AB1",0.941992327071821,"chr6",44246166,44253888,"Loss",0.95296183016418,0.907389798344897,"Neutral","Loss",FALSE,TRUE
"NFKBIE",0.945618407703891,"chr6",44258166,44265788,"Loss",0.956070003438277,0.912649581441085,"Neutral","Loss",FALSE,TRUE
"CLIC5",0.949237938946978,"chr6",45880827,46080348,"Loss",0.959136825603589,0.918012594734392,"Neutral","Loss",FALSE,TRUE
"ENPP5",0.952810117664772,"chr6",46159185,46170980,"Neutral",0.962150203773943,0.923347470616551,"Neutral","Loss",FALSE,TRUE
"ADGRF1",0.956352150471526,"chr6",46997708,47042350,"Neutral",0.965007553041935,0.929049289661516,"Neutral","Loss",FALSE,TRUE
"TNFRSF21",0.959717886325253,"chr6",47231532,47309905,"Neutral",0.967835702702348,0.934110803486285,"Neutral","Loss",FALSE,TRUE
"MCM3",0.963042159049517,"chr6",52264014,52284881,"Neutral",0.970678708181434,0.938953200006713,"Neutral","Loss",FALSE,TRUE
"TMEM14A",0.966313713120591,"chr6",52671113,52686588,"Neutral",0.973452812829869,0.943793923418655,"Neutral","Loss",FALSE,TRUE
"GCLC",0.969730560304187,"chr6",53497341,53616970,"Neutral",0.976323863670886,0.948932446913762,"Neutral","Loss",FALSE,TRUE
"DST",0.97286338528129,"chr6",56457987,56954830,"Neutral",0.978931265120274,0.953722683585676,"Neutral","Neutral",FALSE,FALSE
"BAG2",0.976037226038106,"chr6",57172326,57189833,"Neutral",0.98148210915657,0.958861723835765,"Neutral","Neutral",FALSE,FALSE
"OGFRL1",0.978720510078291,"chr6",71288811,71309059,"Neutral",0.983641692447688,0.963196985186258,"Neutral","Neutral",FALSE,FALSE
"CGAS",0.980920910303651,"chr6",73413515,73452297,"Neutral",0.985361960428855,0.966911928926718,"Neutral","Neutral",FALSE,FALSE
"EEF1A1",0.98315214998128,"chr6",73489308,73525587,"Neutral",0.987139938977778,0.970572949068858,"Neutral","Neutral",FALSE,FALSE
"CD109",0.98494505724312,"chr6",73695785,73828316,"Neutral",0.988500148517404,0.973730770970581,"Neutral","Neutral",FALSE,FALSE
"COL12A1",0.986855402337045,"chr6",75084326,75206267,"Neutral",0.990041741823088,0.976804317737205,"Neutral","Neutral",FALSE,FALSE
"FILIP1",0.988562936899568,"chr6",75291859,75493800,"Neutral",0.991401483660422,0.979608940076908,"Neutral","Neutral",FALSE,FALSE
"MYO6",0.989985262319164,"chr6",75749201,75919537,"Neutral",0.99246654318346,0.982158235728855,"Neutral","Neutral",FALSE,FALSE
"TTK",0.990802397534122,"chr6",80003887,80042527,"Neutral",0.993039326876128,0.98374616069594,"Neutral","Neutral",FALSE,FALSE
"TENT5A",0.991666866061739,"chr6",81491439,81752774,"Neutral",0.99365978037805,0.985380357520761,"Neutral","Neutral",FALSE,FALSE
"TPBG",0.992298277399194,"chr6",82363206,82367420,"Neutral",0.994048496323915,0.986777334462112,"Neutral","Neutral",FALSE,FALSE
"UBE2J1",0.992745792911622,"chr6",89326625,89352722,"Neutral",0.994313175836357,0.987801593322765,"Neutral","Neutral",FALSE,FALSE
"RRAGD",0.993068671450883,"chr6",89364616,89412273,"Neutral",0.994439704034286,0.988743845252897,"Neutral","Neutral",FALSE,FALSE
"MMS22L",0.993446686963636,"chr6",97142161,97283217,"Neutral",0.994678715882749,0.989560338082828,"Neutral","Neutral",FALSE,FALSE
"PRDM1",0.99387142502037,"chr6",105993463,106109939,"Neutral",0.994975835707139,0.990387638909599,"Neutral","Neutral",FALSE,FALSE
"CRYBG1",0.994479736565754,"chr6",106360717,106572017,"Neutral",0.995415473189878,0.991528020964376,"Neutral","Neutral",FALSE,FALSE
"CD24",0.995189108554708,"chr6",106969831,106975627,"Neutral",0.996010585186647,0.992597818090973,"Neutral","Neutral",FALSE,FALSE
"SESN1",0.995466173077501,"chr6",108984309,109094846,"Neutral",0.996134925862849,0.993356639284461,"Neutral","Neutral",FALSE,FALSE
"PPIL6",0.995561753833315,"chr6",109390215,109441171,"Neutral",0.996104629426908,0.993849290819789,"Neutral","Neutral",FALSE,FALSE
"SLC16A10",0.995584605281168,"chr6",111087503,111231194,"Neutral",0.996004190678032,0.994261052552651,"Neutral","Neutral",FALSE,FALSE
"FAM229B",0.995501373294219,"chr6",112087591,112102790,"Neutral",0.995810591378682,0.994525966517775,"Neutral","Neutral",FALSE,FALSE
"MARCKS",0.995241606004337,"chr6",113857345,113863475,"Neutral",0.99543178697388,0.994641693464409,"Neutral","Neutral",FALSE,FALSE
"DSE",0.994876239642967,"chr6",116254173,116444861,"Neutral",0.994955717046734,0.994625533742815,"Neutral","Neutral",FALSE,FALSE
"MAN1A1",0.994653286338288,"chr6",119177205,119349761,"Neutral",0.994617523358697,0.994766098151023,"Neutral","Neutral",FALSE,FALSE
"PKIB",0.994488486009697,"chr6",122471917,122726373,"Neutral",0.994355170456623,0.994909020578687,"Neutral","Neutral",FALSE,FALSE
"TPD52L1",0.994319541444945,"chr6",125119049,125264407,"Neutral",0.994045280453431,0.995184678521588,"Neutral","Neutral",FALSE,FALSE
"HEY2",0.993722765301164,"chr6",125747664,125761269,"Neutral",0.993337068901457,0.994939417563201,"Neutral","Neutral",FALSE,FALSE
"NCOA7",0.99271252262184,"chr6",125781161,125932034,"Neutral",0.992180345677682,0.994391237495522,"Neutral","Neutral",FALSE,FALSE
"CENPW",0.991700660058215,"chr6",126340115,126348875,"Neutral",0.991030623851333,0.993814242314541,"Neutral","Neutral",FALSE,FALSE
"ARHGAP18",0.990521355627284,"chr6",129576132,129710177,"Neutral",0.989691006982251,0.993140632234546,"Neutral","Neutral",FALSE,FALSE
"SAMD3",0.989575122438554,"chr6",130144315,130365425,"Neutral",0.988611342742799,0.992615297944045,"Neutral","Neutral",FALSE,FALSE
"EPB41L2",0.98884486334952,"chr6",130839347,131063322,"Neutral",0.987773052831796,0.992225814511768,"Neutral","Neutral",FALSE,FALSE
"RPS12",0.988279063282438,"chr6",132814569,132817564,"Neutral",0.987118074922201,0.991941319699022,"Neutral","Neutral",FALSE,FALSE
"EYA4",0.987757717798492,"chr6",133240514,133532128,"Neutral",0.986441919370477,0.991908311724297,"Neutral","Neutral",FALSE,FALSE
"SGK1",0.987051753391924,"chr6",134169248,134318112,"Neutral",0.985574620782306,0.99171126468678,"Neutral","Neutral",FALSE,FALSE
"MAP7",0.986501088060441,"chr6",136342281,136550819,"Neutral",0.984865142551804,0.991661563515134,"Neutral","Neutral",FALSE,FALSE
"IFNGR1",0.985819313180401,"chr6",137197483,137219449,"Neutral",0.983983386795873,0.991610614292794,"Neutral","Neutral",FALSE,FALSE
"TNFAIP3",0.985185258611636,"chr6",137867214,137883314,"Neutral",0.983136132496974,0.991649083331014,"Neutral","Neutral",FALSE,FALSE
"PERP",0.985049787827164,"chr6",138088505,138107419,"Neutral",0.982771651388367,0.99223600956425,"Neutral","Neutral",FALSE,FALSE
"CITED2",0.984480262266222,"chr6",139371807,139374648,"Neutral",0.981994893957047,0.99232018241494,"Neutral","Neutral",FALSE,FALSE
"PLAGL1",0.984013199185485,"chr6",143940300,144064599,"Neutral",0.981373752911369,0.992339147476336,"Neutral","Neutral",FALSE,FALSE
"RAB32",0.983491195481375,"chr6",146543833,146554953,"Neutral",0.980681140977371,0.992355315476636,"Neutral","Neutral",FALSE,FALSE
"SASH1",0.983472811787113,"chr6",148272304,148552044,"Neutral",0.980507964182104,0.992825215771099,"Neutral","Neutral",FALSE,FALSE
"PLEKHG1",0.9834338502295,"chr6",150599883,150843665,"Neutral",0.980296615015194,0.993330038845535,"Neutral","Neutral",FALSE,FALSE
"AKAP12",0.983326808835242,"chr6",151239967,151358559,"Neutral",0.980031071950855,0.993722979861243,"Neutral","Neutral",FALSE,FALSE
"CCDC170",0.983022390030556,"chr6",151494017,151621193,"Neutral",0.979652297068444,0.993653112092625,"Neutral","Neutral",FALSE,FALSE
"ESR1",0.982590709021677,"chr6",151656691,152129619,"Neutral",0.979088296117446,0.993638825067755,"Neutral","Neutral",FALSE,FALSE
"FBXO5",0.982078437075596,"chr6",152970519,152983579,"Neutral",0.978408292930194,0.99365564956681,"Neutral","Neutral",FALSE,FALSE
"CNKSR3",0.981478090130232,"chr6",154387515,154510685,"Neutral",0.977623115495735,0.993638337445779,"Neutral","Neutral",FALSE,FALSE
"SYTL3",0.980994021244573,"chr6",158650014,158764876,"Neutral",0.976963833964767,0.993706964570286,"Neutral","Neutral",FALSE,FALSE
"EZR",0.980719621703957,"chr6",158765741,158819368,"Neutral",0.976489615957493,0.994062878378821,"Neutral","Neutral",FALSE,FALSE
"TAGAP",0.980275641429943,"chr6",159034468,159045152,"Neutral",0.97593813739415,0.993957993924673,"Neutral","Neutral",FALSE,FALSE
"SOD2",0.980220672728296,"chr6",159669069,159762529,"Neutral",0.975767954876494,0.994266459131075,"Neutral","Neutral",FALSE,FALSE
"ACAT2",0.980283819134498,"chr6",159762045,159779112,"Neutral",0.975682816574607,0.994797359256678,"Neutral","Neutral",FALSE,FALSE
"RPS6KA2",0.980224809450501,"chr6",166409364,166906451,"Neutral",0.97547181876258,0.995217785470733,"Neutral","Neutral",FALSE,FALSE
"AFDN",0.980438911285544,"chr6",167826893,167972023,"Neutral",0.975516395435812,0.995966642547843,"Neutral","Neutral",FALSE,FALSE
"FAM20C",1.00089421403907,"chr7",192571,260772,"Neutral",0.990591847061557,1.03339230864675,"Neutral","Neutral",FALSE,FALSE
"PDGFA",1.00269667302182,"chr7",497258,520296,"Neutral",0.992618889888336,1.03448633363308,"Neutral","Neutral",FALSE,FALSE
"CYP2W1",1.00399479210186,"chr7",983181,989640,"Neutral",0.994116203309833,1.03515610812316,"Neutral","Neutral",FALSE,FALSE
"ZFAND2A",1.0052206929737,"chr7",1152071,1160759,"Neutral",0.99553923563569,1.03576017163889,"Neutral","Neutral",FALSE,FALSE
"NUDT1",1.00698669154108,"chr7",2242226,2251146,"Neutral",0.997482325042206,1.03696754956532,"Neutral","Neutral",FALSE,FALSE
"LFNG",1.00881986917201,"chr7",2512529,2529177,"Neutral",0.999481587926838,1.03827682290326,"Neutral","Neutral",FALSE,FALSE
"TTYH3",1.0106308516504,"chr7",2631961,2664802,"Neutral",1.00147112731046,1.03952456013789,"Neutral","Neutral",FALSE,FALSE
"ACTB",1.01222222965767,"chr7",5526409,5563902,"Neutral",1.00321408806053,1.04063778100641,"Neutral","Neutral",FALSE,FALSE
"FSCN1",1.01421611515193,"chr7",5592816,5606655,"Neutral",1.00545058950227,1.04186635149768,"Neutral","Neutral",FALSE,FALSE
"RPA3",1.01594760423947,"chr7",7636518,7718607,"Neutral",1.00736678672144,1.0430151917289,"Neutral","Neutral",FALSE,FALSE
"GLCCI1",1.01743550919466,"chr7",7968796,8094272,"Neutral",1.00903999076251,1.04391858370404,"Neutral","Neutral",FALSE,FALSE
"ICA1",1.01887255623598,"chr7",8113184,8262687,"Neutral",1.01063917850686,1.04484416926101,"Neutral","Neutral",FALSE,FALSE
"ARL4A",1.02024471539939,"chr7",12686856,12690958,"Neutral",1.01218365478738,1.04567276615503,"Neutral","Neutral",FALSE,FALSE
"TSPAN13",1.02148393924868,"chr7",16753755,16784536,"Neutral",1.01351342009409,1.04662638332231,"Neutral","Neutral",FALSE,FALSE
"AGR2",1.02262897953287,"chr7",16791811,16833433,"Neutral",1.01472260495689,1.04756908402874,"Neutral","Neutral",FALSE,FALSE
"AGR3",1.02350447941459,"chr7",16859412,16881987,"Neutral",1.01572693733619,1.04803819082583,"Neutral","Neutral",FALSE,FALSE
"AHR",1.02429832458744,"chr7",16916359,17346152,"Neutral",1.01660235012021,1.04857473668578,"Neutral","Neutral",FALSE,FALSE
"HDAC9",1.02517027707008,"chr7",18086949,19002416,"Neutral",1.01750992308762,1.0493343268456,"Neutral","Neutral",FALSE,FALSE
"MACC1",1.0260065720402,"chr7",20134655,20217404,"Neutral",1.0183969090208,1.05001072072532,"Neutral","Gain",FALSE,TRUE
"ITGB8",1.02674138921746,"chr7",20330702,20415754,"Neutral",1.01922134888507,1.05046282941749,"Neutral","Gain",FALSE,TRUE
"CDCA7L",1.02689375973007,"chr7",21900899,21945903,"Neutral",1.01958872602355,1.04993697659711,"Neutral","Neutral",FALSE,FALSE
"RAPGEF5",1.02719814081125,"chr7",22118236,22357154,"Neutral",1.02006119322237,1.04971114180022,"Neutral","Neutral",FALSE,FALSE
"GPNMB",1.0273472387087,"chr7",23235967,23275108,"Neutral",1.02038912051346,1.04929613490834,"Neutral","Neutral",FALSE,FALSE
"IGF2BP3",1.02768313964274,"chr7",23310209,23470491,"Neutral",1.02084902679431,1.04924086966659,"Neutral","Neutral",FALSE,FALSE
"NFE2L3",1.02796781266314,"chr7",26152198,26187137,"Neutral",1.02127813376698,1.04906993590697,"Neutral","Neutral",FALSE,FALSE
"SNX10",1.02824293002115,"chr7",26291862,26374383,"Neutral",1.02164620518405,1.04905183620015,"Neutral","Neutral",FALSE,FALSE
"HOTAIRM1",1.02870856407848,"chr7",27095647,27100265,"Neutral",1.02218880131149,1.04927469880109,"Neutral","Neutral",FALSE,FALSE
"HOXA5",1.02904600440833,"chr7",27141052,27143681,"Neutral",1.02260035036597,1.04937836835288,"Neutral","Neutral",FALSE,FALSE
"HOXA10-AS",1.02936890348044,"chr7",27168619,27171915,"Neutral",1.02298560990602,1.04950455569927,"Neutral","Neutral",FALSE,FALSE
"CREB5",1.02974383272125,"chr7",28299321,28825894,"Neutral",1.02338545598863,1.04980088650891,"Neutral","Neutral",FALSE,FALSE
"CPVL",1.03023875194519,"chr7",28995235,29195451,"Neutral",1.02391110382889,1.05019887446623,"Neutral","Gain",FALSE,TRUE
"PRR15",1.03076479751344,"chr7",29563835,29567293,"Neutral",1.02441983436158,1.05077953910062,"Neutral","Gain",FALSE,TRUE
"FKBP14",1.03126128569207,"chr7",30010587,30026702,"Neutral",1.02488317711685,1.05138058219434,"Neutral","Gain",FALSE,TRUE
"GGCT",1.03186026111316,"chr7",30496621,30504841,"Neutral",1.02545365648051,1.05206944643149,"Neutral","Gain",FALSE,TRUE
"NT5C3A",1.03225710137391,"chr7",33014130,33062796,"Neutral",1.02589223756922,1.05233461817576,"Neutral","Gain",FALSE,TRUE
"ANLN",1.03269110060054,"chr7",36389821,36453791,"Neutral",1.026323864208,1.05277610156449,"Neutral","Gain",FALSE,TRUE
"AOAH",1.03318076586536,"chr7",36512941,36724549,"Neutral",1.02682755111247,1.05322153654972,"Neutral","Gain",FALSE,TRUE
"BLVRA",1.03382632692045,"chr7",43758680,43807342,"Neutral",1.02746407717656,1.05389559785071,"Neutral","Gain",FALSE,TRUE
"POLD2",1.03458785233305,"chr7",44114631,44124358,"Neutral",1.02817116992089,1.05482882730055,"Neutral","Gain",FALSE,TRUE
"MYO1G",1.03524251328669,"chr7",44962662,44979088,"Neutral",1.02883525700775,1.05545375417756,"Neutral","Gain",FALSE,TRUE
"SNHG15",1.03615352194632,"chr7",44983019,44986961,"Neutral",1.02974140486545,1.05638009589619,"Neutral","Gain",FALSE,TRUE
"IGFBP3",1.03710816677612,"chr7",45912245,45921874,"Neutral",1.03065411550951,1.05746701917604,"Neutral","Gain",FALSE,TRUE
"TNS3",1.03784588054527,"chr7",47275154,47582558,"Neutral",1.03151137865165,1.05782762282654,"Neutral","Gain",FALSE,TRUE
"UPP1",1.03858672224576,"chr7",48088628,48108736,"Neutral",1.03234987682729,1.05826041402021,"Neutral","Gain",FALSE,TRUE
"COBL",1.03968608157476,"chr7",51016212,51316818,"Neutral",1.03348817696349,1.05923693730199,"Neutral","Gain",FALSE,TRUE
"EGFR",1.04087493401132,"chr7",55019017,55211628,"Neutral",1.03474869076953,1.06019973897083,"Neutral","Gain",FALSE,TRUE
"NUPR2",1.04205201927012,"chr7",56114681,56116417,"Neutral",1.03600370945329,1.06113098870237,"Neutral","Gain",FALSE,TRUE
"ABHD11",1.04327200132189,"chr7",73736094,73738852,"Neutral",1.0373691311976,1.06189219143692,"Neutral","Gain",FALSE,TRUE
"CLDN3",1.04424236117902,"chr7",73768997,73770270,"Neutral",1.03850370968293,1.06234453514038,"Neutral","Gain",FALSE,TRUE
"CLDN4",1.04429217013652,"chr7",73799542,73832690,"Neutral",1.03879941452757,1.06161868275504,"Neutral","Gain",FALSE,TRUE
"LAT2",1.04346635206981,"chr7",74199652,74229834,"Neutral",1.03825580394202,1.05990266096702,"Neutral","Gain",FALSE,TRUE
"RFC2",1.04312185354632,"chr7",74231499,74254458,"Neutral",1.03821474102286,1.05860099609539,"Neutral","Gain",FALSE,TRUE
"NCF1",1.04281096585343,"chr7",74774011,74789315,"Neutral",1.03822386684248,1.05728064820489,"Neutral","Gain",FALSE,TRUE
"HIP1",1.0428066535951,"chr7",75533298,75738962,"Neutral",1.03848294715722,1.05644548253419,"Neutral","Gain",FALSE,TRUE
"HSPB1",1.04277810417011,"chr7",76302673,76304295,"Neutral",1.03866563056102,1.05575061395466,"Neutral","Gain",FALSE,TRUE
"UPK3B",1.04180745296721,"chr7",76510525,76516522,"Neutral",1.0380156578065,1.05376840506052,"Neutral","Gain",FALSE,TRUE
"CCDC146",1.04084474756963,"chr7",77122434,77329533,"Neutral",1.0374133426375,1.05166887394416,"Neutral","Gain",FALSE,TRUE
"FGL2",1.03953898357903,"chr7",77193369,77199848,"Neutral",1.0363930116608,1.04946273151529,"Neutral","Neutral",FALSE,FALSE
"GSAP",1.03826054953297,"chr7",77310751,77416349,"Neutral",1.03542377619814,1.04720895220754,"Neutral","Neutral",FALSE,FALSE
"CD36",1.03697186350346,"chr7",80369575,80679277,"Neutral",1.03439397989242,1.04510361668815,"Neutral","Neutral",FALSE,FALSE
"SEMA3C",1.03595059039442,"chr7",80742538,80922359,"Neutral",1.03365820805884,1.04318174981452,"Neutral","Neutral",FALSE,FALSE
"SEMA3A",1.0351439562231,"chr7",83955777,84492724,"Neutral",1.03308036015019,1.04165342541166,"Neutral","Neutral",FALSE,FALSE
"DBF4",1.03429117666919,"chr7",87876216,87909553,"Neutral",1.03246610226031,1.04004824598493,"Neutral","Neutral",FALSE,FALSE
"STEAP1",1.03356226598362,"chr7",90154456,90164829,"Neutral",1.03197756710938,1.03856108752166,"Neutral","Neutral",FALSE,FALSE
"CDK6",1.03281064473927,"chr7",92604921,92836573,"Neutral",1.03145764395809,1.03707859088088,"Neutral","Neutral",FALSE,FALSE
"SAMD9L",1.03213798423365,"chr7",93130056,93148385,"Neutral",1.03096827926413,1.03582773658335,"Neutral","Neutral",FALSE,FALSE
"TFPI2",1.03189697760439,"chr7",93885396,93890753,"Neutral",1.03090320571989,1.03503176136733,"Neutral","Neutral",FALSE,FALSE
"COL1A2",1.03136448560042,"chr7",94394895,94431227,"Neutral",1.03060406143088,1.03376319035027,"Neutral","Neutral",FALSE,FALSE
"SGCE",1.03051757248523,"chr7",94524204,94656572,"Neutral",1.02991560616358,1.03241643305917,"Neutral","Neutral",FALSE,FALSE
"PEG10",1.02969416653948,"chr7",94656325,94669695,"Neutral",1.02923567579734,1.03114044345306,"Neutral","Neutral",FALSE,FALSE
"PPP1R9A",1.02846999748567,"chr7",94907202,95296415,"Neutral",1.02816943708712,1.02941809419866,"Neutral","Neutral",FALSE,FALSE
"PON2",1.0273667960892,"chr7",95404862,95435329,"Neutral",1.02712921026222,1.02811624392961,"Neutral","Neutral",FALSE,FALSE
"PDK4",1.0260563066594,"chr7",95583499,95596516,"Neutral",1.02589032283184,1.02657989101074,"Neutral","Neutral",FALSE,FALSE
"ASNS",1.0249121976983,"chr7",97851677,97872542,"Neutral",1.02477436128975,1.02534699298906,"Neutral","Neutral",FALSE,FALSE
"BAIAP2L1",1.02371246007161,"chr7",98291650,98401090,"Neutral",1.02364018053499,1.02394046080429,"Neutral","Neutral",FALSE,FALSE
"MCM7",1.02253328063662,"chr7",100092233,100101940,"Neutral",1.02253516114093,1.02252734871757,"Neutral","Neutral",FALSE,FALSE
"GAL3ST4",1.02128770936768,"chr7",100159244,100168617,"Neutral",1.02131334345726,1.02120684842863,"Neutral","Neutral",FALSE,FALSE
"PILRA",1.02005860723393,"chr7",100367530,100400096,"Neutral",1.02013609627649,1.01981417347987,"Neutral","Neutral",FALSE,FALSE
"PCOLCE",1.01906795272391,"chr7",100602363,100608175,"Neutral",1.01913869866136,1.01884478962231,"Neutral","Neutral",FALSE,FALSE
"TRIP6",1.01814772055546,"chr7",100867387,100873454,"Neutral",1.01819781380529,1.01798970490956,"Neutral","Neutral",FALSE,FALSE
"IFT22",1.01718848741562,"chr7",101310914,101321823,"Neutral",1.01726564596144,1.01694509619034,"Neutral","Neutral",FALSE,FALSE
"NAMPT",1.01615041328588,"chr7",106248298,106285966,"Neutral",1.01624946493873,1.01583796178883,"Neutral","Neutral",FALSE,FALSE
"CCDC71L",1.01513571955412,"chr7",106654360,106661158,"Neutral",1.01522293883531,1.01486059244421,"Neutral","Neutral",FALSE,FALSE
"NRCAM",1.01416070351706,"chr7",108147623,108456717,"Neutral",1.01419869635039,1.01404085778697,"Neutral","Neutral",FALSE,FALSE
"DNAJB9",1.01325141537377,"chr7",108569867,108574850,"Neutral",1.01326259892288,1.01321613765189,"Neutral","Neutral",FALSE,FALSE
"DOCK4",1.01240483741702,"chr7",111726110,112206407,"Neutral",1.01239030693443,1.012450672806,"Neutral","Neutral",FALSE,FALSE
"IFRD1",1.01153323969327,"chr7",112422887,112481017,"Neutral",1.01147493094668,1.01171717054792,"Neutral","Neutral",FALSE,FALSE
"TFEC",1.01071059684059,"chr7",115935148,116159896,"Neutral",1.01061155323593,1.01102302295021,"Neutral","Neutral",FALSE,FALSE
"CAV2",1.00995903205648,"chr7",116287380,116508541,"Neutral",1.0098290832234,1.01036894654322,"Neutral","Neutral",FALSE,FALSE
"CAV1",1.00913382173305,"chr7",116524994,116561179,"Neutral",1.00899158922069,1.00958248422521,"Neutral","Neutral",FALSE,FALSE
"MET",1.00827924844612,"chr7",116672196,116798377,"Neutral",1.00811461149458,1.00879858417149,"Neutral","Neutral",FALSE,FALSE
"CFTR",1.00730265226617,"chr7",117287120,117715971,"Neutral",1.00712544304724,1.00786164632788,"Neutral","Neutral",FALSE,FALSE
"CTTNBP2",1.00628709471901,"chr7",117710651,117874139,"Neutral",1.00604586289672,1.00704804359612,"Neutral","Neutral",FALSE,FALSE
"TSPAN12",1.00526126005429,"chr7",120787320,120858402,"Neutral",1.00491766140205,1.00634511792227,"Neutral","Neutral",FALSE,FALSE
"FAM3C",1.00418835828993,"chr7",121348878,121396364,"Neutral",1.00379611919783,1.00542564901657,"Neutral","Neutral",FALSE,FALSE
"HILPDA",1.00287288777235,"chr7",128455849,128458418,"Neutral",1.00247128630073,1.00413971146908,"Neutral","Neutral",FALSE,FALSE
"TSPAN33",1.00157177207533,"chr7",129144707,129169699,"Neutral",1.00115010343809,1.00290189623959,"Neutral","Neutral",FALSE,FALSE
"SMKR1",1.00014198462676,"chr7",129502531,129512918,"Neutral",0.999711018473295,1.00150143715439,"Neutral","Neutral",FALSE,FALSE
"MEST",0.998647858118325,"chr7",130486171,130506465,"Neutral",0.998202110749327,1.00005393695443,"Neutral","Neutral",FALSE,FALSE
"PODXL",0.996967346241511,"chr7",131500262,131558217,"Neutral",0.996449516463825,0.998600803984052,"Neutral","Neutral",FALSE,FALSE
"AKR1B1",0.995578001237146,"chr7",134442356,134459284,"Neutral",0.995042116842921,0.997268411002235,"Neutral","Neutral",FALSE,FALSE
"CALD1",0.994322368430572,"chr7",134744252,134970729,"Neutral",0.993760284424115,0.996095423036293,"Neutral","Neutral",FALSE,FALSE
"PTN",0.992623220262631,"chr7",137227341,137343774,"Neutral",0.992057624817822,0.994407351454544,"Neutral","Neutral",FALSE,FALSE
"TBXAS1",0.990910700958708,"chr7",139777051,140020325,"Neutral",0.990310047836617,0.99280541913665,"Neutral","Neutral",FALSE,FALSE
"CLEC5A",0.988907466909234,"chr7",141927357,141947007,"Neutral",0.98822108940671,0.991072596637412,"Neutral","Neutral",FALSE,FALSE
"PRSS1",0.986941845431268,"chr7",142749468,142753072,"Neutral",0.986205805040146,0.989263633260995,"Neutral","Neutral",FALSE,FALSE
"PRSS2",0.98495683647098,"chr7",142760398,142774564,"Neutral",0.984178117988599,0.987413249348565,"Neutral","Neutral",FALSE,FALSE
"TRBC1",0.983026031981375,"chr7",142791694,142793368,"Neutral",0.982246916070326,0.985483698519841,"Neutral","Neutral",FALSE,FALSE
"TRBC2",0.981354333610244,"chr7",142801041,142802748,"Neutral",0.980548101133347,0.983897537455263,"Neutral","Neutral",FALSE,FALSE
"EPHB6",0.979995404046051,"chr7",142855061,142871094,"Neutral",0.979183093507618,0.982557780710212,"Neutral","Neutral",FALSE,FALSE
"TMEM139",0.97847149814521,"chr7",143279957,143288048,"Neutral",0.977695188357488,0.980920312964304,"Neutral","Neutral",FALSE,FALSE
"ARHGEF35",0.976590181372418,"chr7",144186083,144195879,"Neutral",0.975807422756983,0.979059338566578,"Neutral","Neutral",FALSE,FALSE
"ARHGEF5",0.974387108862684,"chr7",144355288,144380632,"Neutral",0.973545462367596,0.977042023746158,"Neutral","Neutral",FALSE,FALSE
"EZH2",0.971940968843868,"chr7",148807257,148884321,"Neutral",0.971073688700056,0.974676743275754,"Neutral","Neutral",FALSE,FALSE
"ZNF467",0.96931461971009,"chr7",149764182,149773588,"Neutral",0.968475998668075,0.971959991013878,"Neutral","Neutral",FALSE,FALSE
"LRRC61",0.966281389408733,"chr7",150323263,150338156,"Neutral",0.965379807548234,0.969125366201933,"Neutral","Neutral",FALSE,FALSE
"RARRES2",0.963011368013262,"chr7",150338317,150341662,"Neutral",0.962136405903187,0.965771374669346,"Neutral","Neutral",FALSE,FALSE
"GIMAP7",0.958778110014144,"chr7",150514872,150521073,"Neutral",0.957863382418112,0.961663554108789,"Neutral","Neutral",FALSE,FALSE
"GIMAP4",0.955323122102907,"chr7",150567369,150573953,"Neutral",0.954370749333424,0.958327315258909,"Neutral","Neutral",FALSE,FALSE
"GIMAP6",0.952639697780107,"chr7",150625375,150632648,"Neutral",0.951613877381605,0.955875576334402,"Neutral","Neutral",FALSE,FALSE
"GIMAP1",0.950145047111093,"chr7",150716606,150724284,"Neutral",0.9490859302817,0.953485956923114,"Loss","Neutral",FALSE,TRUE
"TMEM176B",0.948315645730451,"chr7",150791285,150801360,"Loss",0.947266944338838,0.951623700773943,"Loss","Neutral",FALSE,TRUE
"TMEM176A",0.946753948011766,"chr7",150800403,150805118,"Loss",0.94575794369811,0.949895773816022,"Loss","Loss",TRUE,FALSE
"AOC1",0.945574133572942,"chr7",150824627,150861504,"Loss",0.944625613397953,0.948566173989611,"Loss","Loss",TRUE,FALSE
"SMARCD3",0.944220523800821,"chr7",151238764,151277896,"Loss",0.943389101322568,0.946843187739721,"Loss","Loss",TRUE,FALSE
"XRCC2",0.942524466097972,"chr7",152644776,152676193,"Loss",0.941718374800853,0.945067224601275,"Loss","Loss",TRUE,FALSE
"INSIG1",0.940801003225937,"chr7",155297776,155310235,"Loss",0.940002721343974,0.943319127476437,"Loss","Loss",TRUE,FALSE
"NCAPG2",0.939197268708113,"chr7",158631169,158704804,"Loss",0.938450353247599,0.941553361182076,"Loss","Loss",TRUE,FALSE
"CLN8",1.00510125296691,"chr8",1755778,1801711,"Neutral",1.00627495506523,1.00139889195457,"Neutral","Neutral",FALSE,FALSE
"DEFB1",1.00593161440267,"chr8",6870592,6877936,"Neutral",1.00718200044911,1.00198735925027,"Neutral","Neutral",FALSE,FALSE
"FDFT1",1.00632354387693,"chr8",11795573,11839395,"Neutral",1.00764974372129,1.00214013941221,"Neutral","Neutral",FALSE,FALSE
"CTSB",1.0066887985833,"chr8",11842524,11869533,"Neutral",1.00802483617749,1.00247436162623,"Neutral","Neutral",FALSE,FALSE
"TUSC3",1.0071127792919,"chr8",15417215,15766649,"Neutral",1.00843068876542,1.002955526221,"Neutral","Neutral",FALSE,FALSE
"MSR1",1.00729333862359,"chr8",16107878,16567490,"Neutral",1.00857416603115,1.00325305833094,"Neutral","Neutral",FALSE,FALSE
"MTUS1",1.00775366398183,"chr8",17643795,17801094,"Neutral",1.00901748344853,1.00376703404667,"Neutral","Neutral",FALSE,FALSE
"SH2D4A",1.00819104022089,"chr8",19313693,19396218,"Neutral",1.00944822395482,1.00422534223968,"Neutral","Neutral",FALSE,FALSE
"ATP6V1B2",1.00858538451988,"chr8",20197381,20226819,"Neutral",1.00984046785379,1.00462631210332,"Neutral","Neutral",FALSE,FALSE
"DOK2",1.00909655480161,"chr8",21908873,21913690,"Neutral",1.01037868335059,1.00505217014955,"Neutral","Neutral",FALSE,FALSE
"REEP4",1.00979919422574,"chr8",22138020,22141951,"Neutral",1.01108409869799,1.00574605311828,"Neutral","Neutral",FALSE,FALSE
"BMP1",1.0107104496257,"chr8",22165140,22212326,"Neutral",1.01201484379288,1.00659582964143,"Neutral","Neutral",FALSE,FALSE
"SLC39A14",1.01160262280622,"chr8",22367278,22434129,"Neutral",1.01294743323323,1.00736051256285,"Neutral","Neutral",FALSE,FALSE
"EGR3",1.01236316832769,"chr8",22687659,22693480,"Neutral",1.01373540700986,1.00803453757566,"Neutral","Neutral",FALSE,FALSE
"SLC25A37",1.01316984314154,"chr8",23528956,23575463,"Neutral",1.01458016915987,1.0087210685569,"Neutral","Neutral",FALSE,FALSE
"ADAM28",1.01398692240351,"chr8",24294069,24359014,"Neutral",1.01543480029792,1.00941969305753,"Neutral","Neutral",FALSE,FALSE
"DOCK5",1.01480353104749,"chr8",25184689,25418082,"Neutral",1.01631819030472,1.01002564457274,"Neutral","Neutral",FALSE,FALSE
"DPYSL2",1.01576216073324,"chr8",26514031,26658178,"Neutral",1.0173727820427,1.01068156869004,"Neutral","Neutral",FALSE,FALSE
"CLU",1.01688402155435,"chr8",27596917,27614700,"Neutral",1.01856775194583,1.01157281203563,"Neutral","Neutral",FALSE,FALSE
"SCARA3",1.01738897514151,"chr8",27633868,27676776,"Neutral",1.0191045362028,1.01197735800571,"Neutral","Neutral",FALSE,FALSE
"PBK",1.01792823772756,"chr8",27809624,27838082,"Neutral",1.01968442424955,1.01238847042313,"Neutral","Neutral",FALSE,FALSE
"PNOC",1.01845175587839,"chr8",28316986,28343355,"Neutral",1.02026158849831,1.01274276571773,"Neutral","Neutral",FALSE,FALSE
"ZNF395",1.01909499539601,"chr8",28345590,28402701,"Neutral",1.02094863589952,1.01324781633674,"Neutral","Neutral",FALSE,FALSE
"FZD3",1.01995328192863,"chr8",28494205,28574267,"Neutral",1.02188751406988,1.01385188219623,"Neutral","Neutral",FALSE,FALSE
"DUSP4",1.02071719646173,"chr8",29333064,29350684,"Neutral",1.02268975618561,1.01449489505605,"Neutral","Neutral",FALSE,FALSE
"RBPMS",1.02170802332293,"chr8",30384511,30572256,"Neutral",1.02375949177906,1.01523680985155,"Neutral","Neutral",FALSE,FALSE
"RAB11FIP1",1.0228310170673,"chr8",37858618,37899497,"Neutral",1.02496781452429,1.01609063924284,"Neutral","Neutral",FALSE,FALSE
"EIF4EBP1",1.02396143837961,"chr8",38030534,38060365,"Neutral",1.02623545747726,1.01678820450664,"Neutral","Neutral",FALSE,FALSE
"PLPP5",1.02506231425668,"chr8",38263130,38269243,"Neutral",1.02750826172145,1.01734674439891,"Neutral","Neutral",FALSE,FALSE
"FGFR1",1.02628566373251,"chr8",38400215,38468834,"Neutral",1.02891433187397,1.01799371430579,"Neutral","Neutral",FALSE,FALSE
"ADAM9",1.02748313120355,"chr8",38996754,39105445,"Neutral",1.03023893322772,1.01879014685373,"Neutral","Neutral",FALSE,FALSE
"IDO1",1.02848683921238,"chr8",39902275,39928790,"Neutral",1.03141639393016,1.01924576416772,"Neutral","Neutral",FALSE,FALSE
"TCIM",1.02959730969137,"chr8",40153482,40155310,"Neutral",1.03270591600767,1.01979142892767,"Neutral","Neutral",FALSE,FALSE
"SFRP1",1.03062523869993,"chr8",41261962,41309473,"Neutral",1.03385891262571,1.02042484092729,"Neutral","Neutral",FALSE,FALSE
"PLAT",1.03176028036583,"chr8",42174718,42207709,"Neutral",1.03514361741613,1.02108778075575,"Neutral","Neutral",FALSE,FALSE
"CEBPD",1.03284098634375,"chr8",47736913,47738164,"Neutral",1.03635004148839,1.0217719178158,"Neutral","Neutral",FALSE,FALSE
"MCM4",1.03385182828403,"chr8",47960185,47978160,"Neutral",1.03748067442373,1.02240488745752,"Neutral","Neutral",FALSE,FALSE
"SOX17",1.03479825355752,"chr8",54457935,54460892,"Neutral",1.03850795316315,1.0230962661392,"Neutral","Neutral",FALSE,FALSE
"LYN",1.03544210607004,"chr8",55879835,56014169,"Neutral",1.0391505190209,1.023744177314,"Neutral","Neutral",FALSE,FALSE
"RPS20",1.03638504091577,"chr8",56067254,56074510,"Neutral",1.04012790525901,1.02457843765693,"Neutral","Neutral",FALSE,FALSE
"PLAG1",1.03727147724819,"chr8",56160909,56211324,"Neutral",1.0410448434773,1.02536865792805,"Neutral","Neutral",FALSE,FALSE
"CHD7",1.03821321701489,"chr8",60678740,60868028,"Neutral",1.04199315086458,1.02628968059594,"Neutral","Neutral",FALSE,FALSE
"GGH",1.03894715100011,"chr8",63014881,63039407,"Neutral",1.04272144809619,1.02704139532535,"Neutral","Neutral",FALSE,FALSE
"SGK3",1.03988775047913,"chr8",66712734,66862022,"Neutral",1.04366271526346,1.0279798886286,"Neutral","Neutral",FALSE,FALSE
"PREX2",1.0409841289578,"chr8",67952046,68237032,"Neutral",1.04479814721823,1.02895307565391,"Neutral","Neutral",FALSE,FALSE
"SULF1",1.0421554427667,"chr8",69466624,69660915,"Neutral",1.04602361009558,1.02995358002134,"Neutral","Neutral",FALSE,FALSE
"RPL7",1.04340705102769,"chr8",73290242,73295789,"Neutral",1.04726050614258,1.03125159693023,"Neutral","Neutral",FALSE,FALSE
"LY96",1.04414888829955,"chr8",73991392,74029079,"Neutral",1.04794572018872,1.03217204819931,"Neutral","Neutral",FALSE,FALSE
"TPD52",1.0452068863348,"chr8",80034745,80231232,"Neutral",1.04890741909036,1.03353381510257,"Neutral","Neutral",FALSE,FALSE
"ZBTB10",1.04631102320268,"chr8",80485619,80526265,"Neutral",1.04993573641615,1.0348771194023,"Neutral","Neutral",FALSE,FALSE
"ZNF704",1.0474981674422,"chr8",80628451,80874781,"Neutral",1.05105006771112,1.03629394697243,"Gain","Neutral",FALSE,TRUE
"PAG1",1.04869060796429,"chr8",80967810,81112068,"Neutral",1.05215425385851,1.03776477973438,"Gain","Neutral",FALSE,TRUE
"FABP5",1.05028052721368,"chr8",81280536,81284777,"Gain",1.05366797847811,1.03959504960349,"Gain","Neutral",FALSE,TRUE
"CHMP4C",1.0522811756759,"chr8",81732448,81759515,"Gain",1.05560754953829,1.04178836244993,"Gain","Neutral",FALSE,TRUE
"LRRCC1",1.05462872415619,"chr8",85107215,85146080,"Gain",1.05786442368039,1.04442193677528,"Gain","Neutral",FALSE,TRUE
"CA2",1.05706747848006,"chr8",85463968,85481493,"Gain",1.06023972813041,1.04706083927948,"Gain","Neutral",FALSE,TRUE
"RIPK2",1.05977665098107,"chr8",89757806,89791064,"Gain",1.06292350499158,1.0498501205465,"Gain","Neutral",FALSE,TRUE
"ESRP1",1.06241536265022,"chr8",94641074,94707466,"Gain",1.06555511273782,1.05251124104262,"Gain","Gain",TRUE,FALSE
"NDUFAF6",1.06485646982231,"chr8",94895533,95116455,"Gain",1.06792126068763,1.05518880182801,"Gain","Gain",TRUE,FALSE
"TP53INP1",1.06734355537986,"chr8",94925972,94949378,"Gain",1.07033340649153,1.05791227958646,"Gain","Gain",TRUE,FALSE
"SDC2",1.06991638334311,"chr8",96493813,96611790,"Gain",1.07283671236498,1.06070441010965,"Gain","Gain",TRUE,FALSE
"LAPTM4B",1.07243924717638,"chr8",97775057,97853013,"Gain",1.07526178587806,1.06353574665449,"Gain","Gain",TRUE,FALSE
"MATN2",1.07394382637535,"chr8",97868840,98036724,"Gain",1.07664944046817,1.06540915633767,"Gain","Gain",TRUE,FALSE
"RPL30",1.07556257038963,"chr8",98024851,98046469,"Gain",1.0781612354268,1.06736526365265,"Gain","Gain",TRUE,FALSE
"SPAG1",1.07691703062626,"chr8",100157906,100259278,"Gain",1.0793782795676,1.06915319333303,"Gain","Gain",TRUE,FALSE
"NCALD",1.07828591055678,"chr8",101686542,102124907,"Gain",1.08066563671585,1.07077923116683,"Gain","Gain",TRUE,FALSE
"KLF10",1.07961164331593,"chr8",102648784,102655725,"Gain",1.08187324587241,1.07247757655185,"Gain","Gain",TRUE,FALSE
"FZD6",1.08081951940689,"chr8",103298433,103332866,"Gain",1.08299194265108,1.07396676253345,"Gain","Gain",TRUE,FALSE
"CTHRC1",1.08191714641766,"chr8",103371538,103382989,"Gain",1.08398348033964,1.07539904087607,"Gain","Gain",TRUE,FALSE
"EXT1",1.08294107379112,"chr8",117794490,118111826,"Gain",1.08493601922017,1.07664815824735,"Gain","Gain",TRUE,FALSE
"SAMD12",1.08439765885383,"chr8",118189455,118622112,"Gain",1.08624761306222,1.07856210795418,"Gain","Gain",TRUE,FALSE
"TNFRSF11B",1.08584920678538,"chr8",118923557,118951885,"Gain",1.0875554589853,1.08046695380038,"Gain","Gain",TRUE,FALSE
"MAL2",1.08735202502199,"chr8",119165034,119245673,"Gain",1.08897453299052,1.08223393734583,"Gain","Gain",TRUE,FALSE
"DEPTOR",1.08808526859408,"chr8",119873717,120050918,"Gain",1.08969736138026,1.0830000348807,"Gain","Gain",TRUE,FALSE
"FAM83A",1.08876722419763,"chr8",123178960,123210079,"Gain",1.09031994767045,1.08386926682248,"Gain","Gain",TRUE,FALSE
"ATAD2",1.08953872744223,"chr8",123319850,123416350,"Gain",1.09107930985087,1.0846790682031,"Gain","Gain",TRUE,FALSE
"FBXO32",1.09019665874288,"chr8",123497889,123541206,"Gain",1.09168751899023,1.0854938445769,"Gain","Gain",TRUE,FALSE
"MTSS1",1.09095323005295,"chr8",124550784,124728473,"Gain",1.09243876129683,1.08626722585491,"Gain","Gain",TRUE,FALSE
"SQLE",1.09186720139007,"chr8",124998497,125022283,"Gain",1.09330429528992,1.08733398939913,"Gain","Gain",TRUE,FALSE
"TRIB1",1.09277081949421,"chr8",125430358,125438403,"Gain",1.09408919558315,1.08861209451766,"Gain","Gain",TRUE,FALSE
"MYC",1.0936962191345,"chr8",127735434,127742951,"Gain",1.09488386096516,1.08994988621344,"Gain","Gain",TRUE,FALSE
"SLA",1.09468228553676,"chr8",133036728,133102912,"Gain",1.09571846247,1.09141373801943,"Gain","Gain",TRUE,FALSE
"NDRG1",1.09652123028894,"chr8",133237175,133302022,"Gain",1.09739739109464,1.09375744243151,"Gain","Gain",TRUE,FALSE
"ST3GAL1",1.09816333722306,"chr8",133454848,133571926,"Gain",1.09894174053636,1.09570791852423,"Gain","Gain",TRUE,FALSE
"KHDRBS3",1.10007527695367,"chr8",135457456,135656722,"Gain",1.1007360123219,1.09799103354106,"Gain","Gain",TRUE,FALSE
"DENND3",1.10203816098102,"chr8",141117278,141195808,"Gain",1.10261668007729,1.10021326303632,"Gain","Gain",TRUE,FALSE
"PTP4A3",1.10424516473355,"chr8",141391995,141432454,"Gain",1.10470338443832,1.10279974278837,"Gain","Gain",TRUE,FALSE
"LY6K",1.10663158845409,"chr8",142700111,142705127,"Gain",1.10703999389808,1.10534330210338,"Gain","Gain",TRUE,FALSE
"THEM6",1.10912394125941,"chr8",142727223,142736927,"Gain",1.10951812826344,1.10788050598106,"Gain","Gain",TRUE,FALSE
"LYPD2",1.11192475851464,"chr8",142750150,142752532,"Gain",1.11232437272877,1.1106642034824,"Gain","Gain",TRUE,FALSE
"LY6E",1.11463862978321,"chr8",143017982,143023832,"Gain",1.11507525254221,1.11326133388987,"Gain","Gain",TRUE,FALSE
"MINCR",1.11708783259907,"chr8",143280152,143281705,"Gain",1.11757259630852,1.11555867945139,"Gain","Gain",TRUE,FALSE
"RHPN1",1.11964750622346,"chr8",143368876,143384221,"Gain",1.12013437796043,1.11811170345072,"Gain","Gain",TRUE,FALSE
"MROH6",1.12251047179619,"chr8",143566192,143572772,"Gain",1.12304143816928,1.12083557558408,"Gain","Gain",TRUE,FALSE
"MAPK15",1.12550200858066,"chr8",143716340,143722458,"Gain",1.1260960076625,1.12362828010634,"Gain","Gain",TRUE,FALSE
"FAM83H",1.12851528365636,"chr8",143723933,143738234,"Gain",1.12912429043873,1.12659421444252,"Gain","Gain",TRUE,FALSE
"SCRIB",1.1316645501829,"chr8",143790920,143815773,"Gain",1.1323136825793,1.12961690753173,"Gain","Gain",TRUE,FALSE
"NRBP2",1.13491719765242,"chr8",143833583,143840973,"Gain",1.13563332622011,1.13265822027423,"Gain","Gain",TRUE,FALSE
"EPPK1",1.13870974500276,"chr8",143857324,143878467,"Gain",1.13949373153456,1.1362367144325,"Gain","Gain",TRUE,FALSE
"EXOSC4",1.14243252810845,"chr8",144078648,144080648,"Gain",1.14328183813992,1.13975343913653,"Gain","Gain",TRUE,FALSE
"SCX",1.14621052861728,"chr8",144266453,144268481,"Gain",1.14716071768041,1.14321322380994,"Gain","Gain",TRUE,FALSE
"SLC39A4",1.15009177692268,"chr8",144409742,144416844,"Gain",1.15110453112972,1.14689711475364,"Gain","Gain",TRUE,FALSE
"PPP1R16A",1.15400229860123,"chr8",144477969,144502121,"Gain",1.15511474456751,1.15049316576439,"Gain","Gain",TRUE,FALSE
"MFSD3",1.15715784901406,"chr8",144509070,144511213,"Gain",1.15834463408959,1.15341421866698,"Gain","Gain",TRUE,FALSE
"RPL8",1.16008330942469,"chr8",144789765,144792587,"Gain",1.16132862893197,1.15615503631497,"Gain","Gain",TRUE,FALSE
"DOCK8",1.01203629948284,"chr9",214854,465259,"Neutral",1.01053214065122,1.01678106310092,"Neutral","Neutral",FALSE,FALSE
"KANK1",1.01234600575362,"chr9",470291,746105,"Neutral",1.01085390909399,1.0170527200955,"Neutral","Neutral",FALSE,FALSE
"GLIS3",1.01266094547694,"chr9",3824127,4348392,"Neutral",1.01119867167918,1.01727358569114,"Neutral","Neutral",FALSE,FALSE
"JAK2",1.01278312040147,"chr9",4984390,5129948,"Neutral",1.01132430201568,1.0173848607608,"Neutral","Neutral",FALSE,FALSE
"GLDC",1.01301938034447,"chr9",6532467,6645729,"Neutral",1.01156470245208,1.01760805980755,"Neutral","Neutral",FALSE,FALSE
"NFIB",1.01319043859318,"chr9",14081843,14398983,"Neutral",1.01175979436298,1.0177033055532,"Neutral","Neutral",FALSE,FALSE
"BNC2",1.01299209226229,"chr9",16409503,16870843,"Neutral",1.01157342907169,1.01746716587259,"Neutral","Neutral",FALSE,FALSE
"PLIN2",1.01277680851013,"chr9",19108375,19149290,"Neutral",1.01138200762217,1.0171766101591,"Neutral","Neutral",FALSE,FALSE
"RPS6",1.01277564141311,"chr9",19375715,19380236,"Neutral",1.01144309669214,1.01697906034638,"Neutral","Neutral",FALSE,FALSE
"CDKN2A",1.0125623637585,"chr9",21967752,21995301,"Neutral",1.01132695463433,1.01645937525925,"Neutral","Neutral",FALSE,FALSE
"CDKN2B",1.01194120153358,"chr9",22002903,22009305,"Neutral",1.01078166214996,1.01559888725497,"Neutral","Neutral",FALSE,FALSE
"AQP3",1.011481089044,"chr9",33441156,33447596,"Neutral",1.01039764930728,1.01489872376256,"Neutral","Neutral",FALSE,FALSE
"CD72",1.01100963701397,"chr9",35609982,35646810,"Neutral",1.0100313261186,1.01409565017022,"Neutral","Neutral",FALSE,FALSE
"TPM2",1.01071206444247,"chr9",35681992,35690056,"Neutral",1.00981770588134,1.01353325584403,"Neutral","Neutral",FALSE,FALSE
"GLIPR2",1.0102484660182,"chr9",36136536,36163913,"Neutral",1.00936402978162,1.01303835814239,"Neutral","Neutral",FALSE,FALSE
"ANXA1",1.00999939485751,"chr9",73151865,73170393,"Neutral",1.00911850316478,1.01277810596653,"Neutral","Neutral",FALSE,FALSE
"GCNT1",1.00982919365766,"chr9",76419850,76651203,"Neutral",1.00899315892208,1.01246640663906,"Neutral","Neutral",FALSE,FALSE
"PRUNE2",1.00969709460541,"chr9",76611376,76906114,"Neutral",1.00889014085215,1.01224257366619,"Neutral","Neutral",FALSE,FALSE
"CEP78",1.00965378192334,"chr9",78236062,78279690,"Neutral",1.00886869355799,1.01213028815033,"Neutral","Neutral",FALSE,FALSE
"PSAT1",1.00973696680467,"chr9",78297125,78330093,"Neutral",1.00898733376779,1.01210163168281,"Neutral","Neutral",FALSE,FALSE
"TLE1",1.00977999280995,"chr9",81583683,81689547,"Neutral",1.00906888728442,1.01202312535369,"Neutral","Neutral",FALSE,FALSE
"RASEF",1.00980746236205,"chr9",82979590,83063177,"Neutral",1.00914326254572,1.01190263413342,"Neutral","Neutral",FALSE,FALSE
"GOLM1",1.00996468236456,"chr9",86026146,86100173,"Neutral",1.00935977364737,1.01187282451897,"Neutral","Neutral",FALSE,FALSE
"GAS1",1.01002849190157,"chr9",86944362,86947506,"Neutral",1.00944624695118,1.01186514279197,"Neutral","Neutral",FALSE,FALSE
"DAPK1",1.00998581551943,"chr9",87497228,87708634,"Neutral",1.00945195530069,1.01166984016481,"Neutral","Neutral",FALSE,FALSE
"CTSL",1.01004713493732,"chr9",87724051,87731469,"Neutral",1.00958912512353,1.0114918947961,"Neutral","Neutral",FALSE,FALSE
"NXNL2",1.01027114274375,"chr9",88534033,88584274,"Neutral",1.00988601411761,1.01148600400385,"Neutral","Neutral",FALSE,FALSE
"CKS2",1.01047988297591,"chr9",89311195,89316703,"Neutral",1.01012633893248,1.01159511288344,"Neutral","Neutral",FALSE,FALSE
"GADD45G",1.01064001659405,"chr9",89605012,89606555,"Neutral",1.01031873982175,1.01165346165615,"Neutral","Neutral",FALSE,FALSE
"SYK",1.0107864369214,"chr9",90801787,90898549,"Neutral",1.01051495828704,1.01164279724739,"Neutral","Neutral",FALSE,FALSE
"NFIL3",1.01094700489284,"chr9",91409045,91423832,"Neutral",1.01069384185809,1.01174558994346,"Neutral","Neutral",FALSE,FALSE
"SUSD3",1.01126155035715,"chr9",93058688,93085133,"Neutral",1.01106042237351,1.01189599448586,"Neutral","Neutral",FALSE,FALSE
"NINJ1",1.01169362362026,"chr9",93121496,93134251,"Neutral",1.01151586958149,1.01225433627796,"Neutral","Neutral",FALSE,FALSE
"FBP1",1.01217109111772,"chr9",94603133,94640249,"Neutral",1.01196915686408,1.01280807856862,"Neutral","Neutral",FALSE,FALSE
"CTSV",1.0128179588343,"chr9",97029677,97156556,"Neutral",1.01263335670275,1.01340027332077,"Neutral","Neutral",FALSE,FALSE
"TMOD1",1.01344940413982,"chr9",97501180,97601743,"Neutral",1.01326253879475,1.01403885777474,"Neutral","Neutral",FALSE,FALSE
"CORO2A",1.01399324069847,"chr9",98120975,98192637,"Neutral",1.01379909482779,1.01460566024116,"Neutral","Neutral",FALSE,FALSE
"TBC1D2",1.014630989723,"chr9",98199011,98255649,"Neutral",1.01439882156621,1.01536334790253,"Neutral","Neutral",FALSE,FALSE
"TGFBR1",1.0152735219639,"chr9",99104038,99154192,"Neutral",1.01497967877997,1.01620042969413,"Neutral","Neutral",FALSE,FALSE
"NR4A3",1.016110616731,"chr9",99821855,99866891,"Neutral",1.01576156135753,1.01721168744369,"Neutral","Neutral",FALSE,FALSE
"SMC2",1.01705191711776,"chr9",104094260,104141419,"Neutral",1.01664178136511,1.01834566160586,"Neutral","Neutral",FALSE,FALSE
"ABCA1",1.01803263495742,"chr9",104781006,104928155,"Neutral",1.01759183580867,1.01942310497954,"Neutral","Neutral",FALSE,FALSE
"ZNF462",1.01918645045564,"chr9",106863166,107013634,"Neutral",1.0186833854316,1.02077333381756,"Neutral","Neutral",FALSE,FALSE
"KLF4",1.02034346937543,"chr9",107484852,107490482,"Neutral",1.01975846341544,1.02218882967713,"Neutral","Neutral",FALSE,FALSE
"CTNNAL1",1.0216900998729,"chr9",108942569,109013522,"Neutral",1.02099832230158,1.02387226373965,"Neutral","Neutral",FALSE,FALSE
"TXN",1.02308559086419,"chr9",110243810,110256507,"Neutral",1.02232937902834,1.02547100810262,"Neutral","Neutral",FALSE,FALSE
"PTGR1",1.02414098432461,"chr9",111549722,111599893,"Neutral",1.0233227379215,1.0267220852579,"Neutral","Neutral",FALSE,FALSE
"UGCG",1.02503387269751,"chr9",111896814,111935369,"Neutral",1.02411895960577,1.02791990192536,"Neutral","Neutral",FALSE,FALSE
"SLC31A2",1.02610118852548,"chr9",113150976,113164140,"Neutral",1.02509283030202,1.02928198387243,"Neutral","Neutral",FALSE,FALSE
"FKBP15",1.02721640525011,"chr9",113161006,113221458,"Neutral",1.02611489937577,1.03069102833364,"Neutral","Neutral",FALSE,FALSE
"SLC31A1",1.02850679508861,"chr9",113221544,113264492,"Neutral",1.02728753565218,1.0323528635312,"Neutral","Neutral",FALSE,FALSE
"RGS3",1.02992178275434,"chr9",113444731,113597743,"Neutral",1.02861246828319,1.03405192349263,"Neutral","Neutral",FALSE,FALSE
"ZNF618",1.03121302717619,"chr9",113876282,114056593,"Neutral",1.02979383506772,1.03568976922084,"Neutral","Neutral",FALSE,FALSE
"TLR4",1.03242806623781,"chr9",117704175,117724735,"Neutral",1.03086736488504,1.03735118927618,"Neutral","Neutral",FALSE,FALSE
"MEGF9",1.03384981334573,"chr9",120600811,120714470,"Neutral",1.03219142552137,1.03908108151256,"Neutral","Neutral",FALSE,FALSE
"PHF19",1.03543518526874,"chr9",120855651,120894896,"Neutral",1.03366952063173,1.04100485062276,"Neutral","Neutral",FALSE,FALSE
"PTGS1",1.03713676367176,"chr9",122370530,122395703,"Neutral",1.03519970981854,1.04324706429678,"Neutral","Neutral",FALSE,FALSE
"CRB2",1.03893317265901,"chr9",123356170,123380324,"Neutral",1.03686637721134,1.04545273405106,"Neutral","Neutral",FALSE,FALSE
"NEK6",1.04071665647403,"chr9",124257606,124353307,"Neutral",1.03846123265375,1.04783123284778,"Neutral","Neutral",FALSE,FALSE
"RPL35",1.04256348181655,"chr9",124857880,124861981,"Neutral",1.04011387203343,1.05029060420089,"Neutral","Gain",FALSE,TRUE
"HSPA5",1.04433185840869,"chr9",125234853,125241382,"Neutral",1.04173011298057,1.05253888202306,"Neutral","Gain",FALSE,TRUE
"RPL12",1.04620665598117,"chr9",127447674,127451406,"Neutral",1.04338231727394,1.05511583449443,"Neutral","Gain",FALSE,TRUE
"ENG",1.04778673017917,"chr9",127815013,127854658,"Neutral",1.044780784648,1.05726877469097,"Neutral","Gain",FALSE,TRUE
"SLC25A25",1.04969875909122,"chr9",128068201,128109245,"Neutral",1.04646359226111,1.05990386612594,"Neutral","Gain",FALSE,TRUE
"LCN2",1.05166004520071,"chr9",128149071,128153453,"Gain",1.04811232025613,1.06285109490248,"Neutral","Gain",FALSE,TRUE
"CERCAM",1.05333187418905,"chr9",128411751,128437351,"Gain",1.04960999499857,1.06507228125421,"Neutral","Gain",FALSE,TRUE
"IER5L",1.05497713491911,"chr9",129175552,129178261,"Gain",1.05111015776156,1.06717524335245,"Gain","Gain",TRUE,FALSE
"PRRX2",1.05657257866905,"chr9",129665647,129722674,"Gain",1.05254204512041,1.0692866142755,"Gain","Gain",TRUE,FALSE
"PTGES",1.05811637155213,"chr9",129738331,129753042,"Gain",1.05395477657614,1.07124383124598,"Gain","Gain",TRUE,FALSE
"NCS1",1.05980596784253,"chr9",130172404,130237303,"Gain",1.05552533191948,1.07330893386111,"Gain","Gain",TRUE,FALSE
"ASS1",1.06147009235142,"chr9",130444961,130501274,"Gain",1.05710231791534,1.07524793070242,"Gain","Gain",TRUE,FALSE
"AIF1L",1.06258548494575,"chr9",131096476,131123152,"Gain",1.05807898817839,1.07680091316865,"Gain","Gain",TRUE,FALSE
"RPL7A",1.06369825831145,"chr9",133348218,133351426,"Gain",1.05908512829563,1.07825005364342,"Gain","Gain",TRUE,FALSE
"RXRA",1.06458159630753,"chr9",134317098,134440585,"Gain",1.05985401795833,1.07949441088622,"Gain","Gain",TRUE,FALSE
"FCN1",1.06569157705257,"chr9",134903232,134917912,"Gain",1.06081958140562,1.08105994587581,"Gain","Gain",TRUE,FALSE
"PAEP",1.06732161591354,"chr9",135561756,135566955,"Gain",1.062351819233,1.08299849124301,"Gain","Gain",TRUE,FALSE
"EGFL7",1.06888175476444,"chr9",136658856,136672678,"Gain",1.06375297200765,1.08506014052919,"Gain","Gain",TRUE,FALSE
"LCN12",1.07042697679278,"chr9",136949551,136955497,"Gain",1.06514808391309,1.08707887442004,"Gain","Gain",TRUE,FALSE
"PTGDS",1.07210945904559,"chr9",136975092,136981742,"Gain",1.06664334383277,1.08935193640155,"Gain","Gain",TRUE,FALSE
"CLIC3",1.0739429896567,"chr9",136994608,136996568,"Gain",1.06828229488966,1.09179925457971,"Gain","Gain",TRUE,FALSE
"NPDC1",1.07619517175306,"chr9",137039463,137046179,"Gain",1.07034039319175,1.09466366040309,"Gain","Gain",TRUE,FALSE
"TPRN",1.07839301681549,"chr9",137191617,137204193,"Gain",1.07234255079716,1.09747878783425,"Gain","Gain",TRUE,FALSE
"TUBB4B",1.0807006475248,"chr9",137241287,137243707,"Gain",1.07441684832636,1.10052245170749,"Gain","Gain",TRUE,FALSE
"PFKP",0.908420477798095,"chr10",3066333,3137718,"Loss",0.912835045928656,0.894495032017319,"Loss","Loss",TRUE,FALSE
"KLF6",0.908844532543423,"chr10",3775996,3785281,"Loss",0.913121420180505,0.895353390230235,"Loss","Loss",TRUE,FALSE
"AKR1C3",0.910209551379765,"chr10",5035354,5107686,"Loss",0.914273329953229,0.897390646672393,"Loss","Loss",TRUE,FALSE
"NET1",0.911588955624614,"chr10",5412557,5459056,"Loss",0.915432083510314,0.899466078047889,"Loss","Loss",TRUE,FALSE
"CALML5",0.912897630724611,"chr10",5498697,5499570,"Loss",0.916542029718681,0.901401629508978,"Loss","Loss",TRUE,FALSE
"PFKFB3",0.914395344346877,"chr10",6144934,6254644,"Loss",0.917813278539088,0.903613710477326,"Loss","Loss",TRUE,FALSE
"SFMBT2",0.916004477206978,"chr10",7158624,7411488,"Loss",0.919289428610856,0.905642328223365,"Loss","Loss",TRUE,FALSE
"ITIH5",0.917621191279422,"chr10",7559270,7666998,"Loss",0.920746921868237,0.907761293198222,"Loss","Loss",TRUE,FALSE
"PROSER2",0.918765746966244,"chr10",11823339,11872277,"Loss",0.921709386552633,0.909480242190674,"Loss","Loss",TRUE,FALSE
"BEND7",0.919675202173118,"chr10",13438484,13529014,"Loss",0.922468313002963,0.91086452981053,"Loss","Loss",TRUE,FALSE
"FRMD4A",0.920158447767845,"chr10",13643706,14462142,"Loss",0.922824393543518,0.911748908656508,"Loss","Loss",TRUE,FALSE
"FAM171A1",0.920656662763678,"chr10",15211643,15371289,"Loss",0.923196246746267,0.912645723072781,"Loss","Loss",TRUE,FALSE
"VIM",0.920998950737983,"chr10",17228241,17237593,"Loss",0.923388049451233,0.913462706282726,"Loss","Loss",TRUE,FALSE
"MRC1",0.92297946274873,"chr10",17809348,17911164,"Loss",0.925171208002811,0.916065755949259,"Loss","Loss",TRUE,FALSE
"ARL5B",0.925100410241915,"chr10",18659431,18681639,"Loss",0.927172654973035,0.91856365946715,"Loss","Loss",TRUE,FALSE
"PLXDC2",0.926899309865864,"chr10",19816239,20289856,"Loss",0.92878032319264,0.920965785153988,"Loss","Loss",TRUE,FALSE
"OTUD1",0.928995291075562,"chr10",23439075,23442377,"Loss",0.930681475019137,0.923676341998725,"Loss","Loss",TRUE,FALSE
"KIAA1217",0.930985649605501,"chr10",23694746,24547848,"Loss",0.932515945934982,0.926158437082226,"Loss","Loss",TRUE,FALSE
"APBB1IP",0.932832760061059,"chr10",26438341,26567803,"Loss",0.934125125402929,0.928756084163237,"Loss","Loss",TRUE,FALSE
"MPP7",0.935143125448475,"chr10",28050993,28334486,"Loss",0.936204757000531,0.931794283120053,"Loss","Loss",TRUE,FALSE
"SVIL",0.937110620551952,"chr10",29457338,29736959,"Loss",0.937964120740282,0.934418314023892,"Loss","Loss",TRUE,FALSE
"MAP3K8",0.938821589988968,"chr10",30434021,30461833,"Loss",0.93951981894961,0.936619075666746,"Loss","Loss",TRUE,FALSE
"NRP1",0.940588481677135,"chr10",33177492,33336262,"Loss",0.941113825225499,0.938931322271579,"Loss","Loss",TRUE,FALSE
"PARD3",0.94247603065944,"chr10",34109560,34815325,"Loss",0.942906474015777,0.941118227258725,"Loss","Loss",TRUE,FALSE
"CREM",0.944117563316002,"chr10",35126791,35212958,"Loss",0.944455046478254,0.943052996332577,"Loss","Loss",TRUE,FALSE
"RASSF4",0.945943948741229,"chr10",44959407,44995891,"Loss",0.946125438696274,0.94537145139744,"Loss","Loss",TRUE,FALSE
"DEPP1",0.947911886197905,"chr10",44970981,44978809,"Loss",0.947954683388204,0.94777688546047,"Loss","Loss",TRUE,FALSE
"ALOX5",0.949767456878244,"chr10",45374176,45446119,"Loss",0.949683058724598,0.95003368493903,"Loss","Neutral",FALSE,TRUE
"ZWINT",0.951716189355507,"chr10",56357227,56361273,"Neutral",0.9515453760253,0.952255008034501,"Neutral","Neutral",FALSE,FALSE
"CCDC6",0.953460721330137,"chr10",59788747,59906556,"Neutral",0.953214904411745,0.954236133571569,"Neutral","Neutral",FALSE,FALSE
"ANK3",0.954730483397779,"chr10",60026298,60733490,"Neutral",0.954399987707062,0.955773008891952,"Neutral","Neutral",FALSE,FALSE
"CDK1",0.955905145934463,"chr10",60778331,60794852,"Neutral",0.955479758918159,0.95724699946491,"Neutral","Neutral",FALSE,FALSE
"RTKN2",0.957041793632687,"chr10",62183035,62268844,"Neutral",0.956506970662075,0.958728855211379,"Neutral","Neutral",FALSE,FALSE
"EGR2",0.958244286730315,"chr10",62811996,62819167,"Neutral",0.957659198732572,0.960089905814354,"Neutral","Neutral",FALSE,FALSE
"SRGN",0.959392415253765,"chr10",69088103,69104805,"Neutral",0.95877262571598,0.961347497913869,"Neutral","Neutral",FALSE,FALSE
"TSPAN15",0.962220725481704,"chr10",69451465,69507666,"Neutral",0.961536344324247,0.964379557879282,"Neutral","Neutral",FALSE,FALSE
"PRF1",0.965015817324285,"chr10",70597348,70602759,"Neutral",0.964293489748738,0.96729434903832,"Neutral","Neutral",FALSE,FALSE
"SGPL1",0.967877358914268,"chr10",70815905,70895816,"Neutral",0.967211422241596,0.969978009477236,"Neutral","Neutral",FALSE,FALSE
"PCBD1",0.970564713515342,"chr10",70882280,70888565,"Neutral",0.969877259830908,0.972733237983936,"Neutral","Neutral",FALSE,FALSE
"UNC5B",0.972791455437057,"chr10",71212570,71302864,"Neutral",0.972092970585939,0.974994776947852,"Neutral","Neutral",FALSE,FALSE
"UNC5B-AS1",0.97485442797627,"chr10",71217220,71218294,"Neutral",0.974133379830718,0.977128923818053,"Neutral","Neutral",FALSE,FALSE
"VSIR",0.976731824069077,"chr10",71747556,71773520,"Neutral",0.975963476999851,0.979155521050728,"Neutral","Neutral",FALSE,FALSE
"PSAP",0.978692330390851,"chr10",71816298,71851251,"Neutral",0.977869415872049,0.981288156567928,"Neutral","Neutral",FALSE,FALSE
"SPOCK2",0.980725963760804,"chr10",72059034,72089032,"Neutral",0.979866780137655,0.983436198285689,"Neutral","Neutral",FALSE,FALSE
"DDIT4",0.982754912037877,"chr10",72273919,72276036,"Neutral",0.981895101823061,0.985467123102261,"Neutral","Neutral",FALSE,FALSE
"P4HA1",0.984872734972548,"chr10",73007217,73096974,"Neutral",0.984016043975507,0.987575106683065,"Neutral","Neutral",FALSE,FALSE
"DNAJC9",0.986827671579962,"chr10",73183362,73247255,"Neutral",0.985961375411139,0.989560342131706,"Neutral","Neutral",FALSE,FALSE
"PLAU",0.988721234503671,"chr10",73909177,73917496,"Neutral",0.987849747893848,0.991470277937788,"Neutral","Neutral",FALSE,FALSE
"VCL",0.990594207338154,"chr10",73995193,74121363,"Neutral",0.989669952478822,0.993509704517179,"Neutral","Neutral",FALSE,FALSE
"COMTD1",0.992237980702592,"chr10",75233641,75236030,"Neutral",0.991291720289045,0.995222892860164,"Neutral","Neutral",FALSE,FALSE
"ZNF503",0.993665760011943,"chr10",75397830,75401764,"Neutral",0.992721439910447,0.996644551591134,"Neutral","Neutral",FALSE,FALSE
"KCNMA1",0.995001789518139,"chr10",76869601,77638369,"Neutral",0.994000968759894,0.998158808459297,"Neutral","Neutral",FALSE,FALSE
"RPS24",0.996253654281531,"chr10",78033760,78056813,"Neutral",0.995249885911056,0.999419971258893,"Neutral","Neutral",FALSE,FALSE
"PPIF",0.997352310366639,"chr10",79347469,79355334,"Neutral",0.996335599203555,1.00055945447621,"Neutral","Neutral",FALSE,FALSE
"SNCG",0.998349238160495,"chr10",86958599,86963258,"Neutral",0.997343327819726,1.00152231183303,"Neutral","Neutral",FALSE,FALSE
"ADIRF",0.999169119371665,"chr10",86968432,86983934,"Neutral",0.998150237949704,1.00238310941077,"Neutral","Neutral",FALSE,FALSE
"ACTA2",0.999834688681275,"chr10",88935074,88991339,"Neutral",0.998839221958061,1.00297481869416,"Neutral","Neutral",FALSE,FALSE
"FAS",1.00049587158754,"chr10",88953813,89029605,"Neutral",0.999513855173347,1.00359357354326,"Neutral","Neutral",FALSE,FALSE
"LIPA",1.00118064236243,"chr10",89213569,89414557,"Neutral",1.00020405042121,1.00426123319831,"Neutral","Neutral",FALSE,FALSE
"IFIT2",1.00197946430286,"chr10",89283694,89309271,"Neutral",1.00099573504829,1.00508256929351,"Neutral","Neutral",FALSE,FALSE
"IFIT3",1.00278533232774,"chr10",89327307,89377473,"Neutral",1.00180095094563,1.00589049440899,"Neutral","Neutral",FALSE,FALSE
"IFIT1",1.00369125004114,"chr10",89392546,89406487,"Neutral",1.00269472325736,1.00683472394079,"Neutral","Neutral",FALSE,FALSE
"KIF20B",1.0045935278324,"chr10",89701590,89774939,"Neutral",1.00356328357426,1.00784336114187,"Neutral","Neutral",FALSE,FALSE
"KIF11",1.00548672666425,"chr10",92574105,92655395,"Neutral",1.00447072656702,1.00869162776641,"Neutral","Neutral",FALSE,FALSE
"MYOF",1.00612821150334,"chr10",93306429,93482334,"Neutral",1.0051378808586,1.00925214011664,"Neutral","Neutral",FALSE,FALSE
"CEP55",1.00675439791517,"chr10",93496612,93529092,"Neutral",1.00575448836027,1.00990854252921,"Neutral","Neutral",FALSE,FALSE
"PLCE1",1.00736319924656,"chr10",93993931,94332823,"Neutral",1.00637000429472,1.01049616311587,"Neutral","Neutral",FALSE,FALSE
"HELLS",1.00794988369287,"chr10",94545329,94613905,"Neutral",1.00696961271757,1.01104207978394,"Neutral","Neutral",FALSE,FALSE
"PDLIM1",1.00850361710984,"chr10",95237572,95291012,"Neutral",1.00756605519758,1.0114610904547,"Neutral","Neutral",FALSE,FALSE
"ENTPD1",1.00898879073201,"chr10",95711779,95877266,"Neutral",1.00805542272402,1.01193303469979,"Neutral","Neutral",FALSE,FALSE
"PIK3AP1",1.00944471382969,"chr10",96593315,96720514,"Neutral",1.00856256911276,1.01222737751574,"Neutral","Neutral",FALSE,FALSE
"FRAT2",1.01007588046399,"chr10",97332497,97334729,"Neutral",1.00921836349202,1.01278085765453,"Neutral","Neutral",FALSE,FALSE
"AVPI1",1.0107275590291,"chr10",97677424,97687241,"Neutral",1.0099166950202,1.01328537271721,"Neutral","Neutral",FALSE,FALSE
"SCD",1.01139831667147,"chr10",100347233,100364826,"Neutral",1.0106307309423,1.01381961205924,"Neutral","Neutral",FALSE,FALSE
"PAX2",1.01207195490285,"chr10",100735396,100829944,"Neutral",1.01133842208602,1.01438583276522,"Neutral","Neutral",FALSE,FALSE
"NPM3",1.01277240408115,"chr10",101781325,101783446,"Neutral",1.01208024348615,1.01495577616927,"Neutral","Neutral",FALSE,FALSE
"SH3PXD2A",1.01348164083239,"chr10",103594027,103855584,"Neutral",1.01280511026624,1.01561570908987,"Neutral","Neutral",FALSE,FALSE
"GSTO2",1.01419009050531,"chr10",104268873,104304950,"Neutral",1.01354725385866,1.01621787365511,"Neutral","Neutral",FALSE,FALSE
"MXI1",1.01489562203837,"chr10",110207605,110287365,"Neutral",1.01427982242741,1.01683811875394,"Neutral","Neutral",FALSE,FALSE
"DUSP5",1.0155152831248,"chr10",110497907,110511533,"Neutral",1.01492269475579,1.01738456160435,"Neutral","Neutral",FALSE,FALSE
"TCF7L2",1.01629127415299,"chr10",112950247,113167678,"Neutral",1.01574676996055,1.01800887446745,"Neutral","Neutral",FALSE,FALSE
"AFAP1L2",1.0172135921048,"chr10",114294824,114404756,"Neutral",1.01667516116573,1.01891203476712,"Neutral","Neutral",FALSE,FALSE
"ABLIM1",1.01825365934761,"chr10",114431112,114768061,"Neutral",1.01777975563666,1.01974855539111,"Neutral","Neutral",FALSE,FALSE
"HSPA12A",1.019158582363,"chr10",116671192,116850251,"Neutral",1.01874837995851,1.02045253709967,"Neutral","Neutral",FALSE,FALSE
"SHTN1",1.02019939226056,"chr10",116881477,117126586,"Neutral",1.01985207753187,1.02129497223127,"Neutral","Neutral",FALSE,FALSE
"EMX2OS",1.02119287763362,"chr10",117473215,117545068,"Neutral",1.02089007929222,1.02214803378049,"Neutral","Neutral",FALSE,FALSE
"EMX2",1.02135317876334,"chr10",117542445,117549546,"Neutral",1.02105716960874,1.02228691889627,"Neutral","Neutral",FALSE,FALSE
"BAG3",1.02117043901216,"chr10",119651380,119677819,"Neutral",1.02090952169249,1.02199348441114,"Neutral","Neutral",FALSE,FALSE
"FGFR2",1.02087101356686,"chr10",121478332,121598458,"Neutral",1.02062678896946,1.02164140294334,"Neutral","Neutral",FALSE,FALSE
"TACC2",1.02042563426398,"chr10",121989163,122254545,"Neutral",1.02015225581893,1.02128798740965,"Neutral","Neutral",FALSE,FALSE
"HTRA1",1.02015498933403,"chr10",122458551,122514907,"Neutral",1.01987447223953,1.02103986084911,"Neutral","Neutral",FALSE,FALSE
"CHST15",1.02001996644624,"chr10",124007668,124093598,"Neutral",1.01974657764611,1.02088235225627,"Neutral","Neutral",FALSE,FALSE
"PTPRE",1.02009035154209,"chr10",127907103,128085855,"Neutral",1.01981016722822,1.02097417332396,"Neutral","Neutral",FALSE,FALSE
"MKI67",1.02036594250271,"chr10",128096659,128126423,"Neutral",1.0200539475785,1.02135010862554,"Neutral","Neutral",FALSE,FALSE
"BNIP3",1.02039106995262,"chr10",131967684,131981967,"Neutral",1.02006867928705,1.021408028713,"Neutral","Neutral",FALSE,FALSE
"ADAM8",1.02005187006477,"chr10",133262420,133276868,"Neutral",1.01976470617316,1.0209577084355,"Neutral","Neutral",FALSE,FALSE
"FUOM",1.01980259343142,"chr10",133355158,133358025,"Neutral",1.01949802134155,1.02076334474354,"Neutral","Neutral",FALSE,FALSE
"IFITM3",1.07683437069436,"chr11",319676,329475,"Gain",1.07949517489387,1.06844105032469,"Gain","Gain",TRUE,FALSE
"PKP3",1.07559686465747,"chr11",392614,404908,"Gain",1.07827776203556,1.06714016176413,"Gain","Gain",TRUE,FALSE
"RASSF7",1.07421238711516,"chr11",560404,564025,"Gain",1.07692154760002,1.06566653023233,"Gain","Gain",TRUE,FALSE
"MIR210HG",1.07260420302701,"chr11",565657,568457,"Gain",1.07533589069052,1.06398728573791,"Gain","Gain",TRUE,FALSE
"IRF7",1.07113408159865,"chr11",612553,615983,"Gain",1.07388370481724,1.062460587858,"Gain","Gain",TRUE,FALSE
"EPS8L2",1.06978490510222,"chr11",694438,727727,"Gain",1.07257023552439,1.06099877549037,"Gain","Gain",TRUE,FALSE
"RPLP2",1.06817285809251,"chr11",809965,812880,"Gain",1.07097327465695,1.05933914030214,"Gain","Gain",TRUE,FALSE
"CRACR2B",1.06666759803967,"chr11",826144,831991,"Gain",1.06951773014842,1.057677056049,"Gain","Gain",TRUE,FALSE
"TSPAN4",1.06517311642312,"chr11",842812,867116,"Gain",1.06800319798887,1.05624582246513,"Gain","Gain",TRUE,FALSE
"DUSP8",1.06398400516817,"chr11",1554051,1572271,"Gain",1.06689559649219,1.05479959439021,"Gain","Gain",TRUE,FALSE
"CTSD",1.06278268310485,"chr11",1752752,1764573,"Gain",1.06576127011456,1.05338693913163,"Gain","Gain",TRUE,FALSE
"LSP1",1.06158183853664,"chr11",1850904,1892267,"Gain",1.06466741548125,1.05184860231198,"Gain","Gain",TRUE,FALSE
"CD81",1.06117953590321,"chr11",2376177,2397802,"Gain",1.06440614411192,1.05100142643988,"Gain","Gain",TRUE,FALSE
"KCNQ1OT1",1.05996548963888,"chr11",2597308,2700003,"Gain",1.06325582332184,1.04958636263313,"Gain","Neutral",FALSE,TRUE
"CDKN1C",1.05785884234513,"chr11",2883213,2885775,"Gain",1.06111317818787,1.04759326800348,"Gain","Neutral",FALSE,TRUE
"PHLDA2",1.05540368509672,"chr11",2928273,2929420,"Gain",1.05866169358766,1.04512652564373,"Gain","Neutral",FALSE,TRUE
"RHOG",1.05297278543481,"chr11",3826978,3840959,"Gain",1.05620173415327,1.04278729299747,"Gain","Neutral",FALSE,TRUE
"RRM1",1.05084817880623,"chr11",4094707,4138932,"Gain",1.05409595952108,1.0406032821561,"Gain","Neutral",FALSE,TRUE
"CAVIN3",1.04883090594887,"chr11",6318946,6320532,"Neutral",1.05212435207934,1.03844196094557,"Gain","Neutral",FALSE,TRUE
"TPP1",1.04690924570279,"chr11",6612768,6619448,"Neutral",1.05024544508724,1.03638543855605,"Gain","Neutral",FALSE,TRUE
"CYB5R2",1.04532847753265,"chr11",7665100,7677222,"Neutral",1.04867921773333,1.03475880240021,"Neutral","Neutral",FALSE,FALSE
"RIC3",1.04372734132875,"chr11",8106056,8169055,"Neutral",1.04712357327449,1.03301416567471,"Neutral","Neutral",FALSE,FALSE
"RPL27A",1.04221813206111,"chr11",8682788,8714759,"Neutral",1.04567668520199,1.03130836856469,"Neutral","Neutral",FALSE,FALSE
"WEE1",1.04066040652589,"chr11",9573670,9593457,"Neutral",1.04421275983956,1.02945475695822,"Neutral","Neutral",FALSE,FALSE
"SWAP70",1.0394797024239,"chr11",9664077,9752993,"Neutral",1.0430667609175,1.02816457779839,"Neutral","Neutral",FALSE,FALSE
"ADM",1.03856019488517,"chr11",10305073,10307397,"Neutral",1.04219579694563,1.02709194298011,"Neutral","Neutral",FALSE,FALSE
"LYVE1",1.03779115271561,"chr11",10556966,10611689,"Neutral",1.04150387553893,1.02607962876895,"Neutral","Neutral",FALSE,FALSE
"MICAL2",1.03731221921383,"chr11",12094008,12359144,"Neutral",1.04113029742965,1.02526835906518,"Neutral","Neutral",FALSE,FALSE
"PARVA",1.03679246882386,"chr11",12377563,12535356,"Neutral",1.040731186804,1.02436805899347,"Neutral","Neutral",FALSE,FALSE
"TEAD1",1.03627958571155,"chr11",12674421,12944737,"Neutral",1.04034275266,1.02346261033243,"Neutral","Neutral",FALSE,FALSE
"SPON1",1.03563371842996,"chr11",13962723,14268133,"Neutral",1.03985264837733,1.02232539958714,"Neutral","Neutral",FALSE,FALSE
"RRAS2",1.03465898332779,"chr11",14277922,14364506,"Neutral",1.03892237587715,1.02121041032306,"Neutral","Neutral",FALSE,FALSE
"SOX6",1.03371370625848,"chr11",15966449,16739591,"Neutral",1.03801161375616,1.02015625826817,"Neutral","Neutral",FALSE,FALSE
"RPS13",1.03292248734696,"chr11",17074388,17077715,"Neutral",1.03727126548997,1.01920457147117,"Neutral","Neutral",FALSE,FALSE
"SAA1",1.03167702975565,"chr11",18266260,18269977,"Neutral",1.03597264527478,1.01812681165107,"Neutral","Neutral",FALSE,FALSE
"HPS5",1.03050742335905,"chr11",18278668,18322198,"Neutral",1.03483239756046,1.01686459534872,"Neutral","Neutral",FALSE,FALSE
"LDHA",1.0294683220731,"chr11",18394560,18408425,"Neutral",1.03379454784256,1.01582154607912,"Neutral","Neutral",FALSE,FALSE
"NAV2",1.02822455988075,"chr11",19350724,20121601,"Neutral",1.03256912008553,1.01451994919545,"Neutral","Neutral",FALSE,FALSE
"BBOX1",1.02708279798617,"chr11",27040725,27127809,"Neutral",1.03138876216738,1.01349993575231,"Neutral","Neutral",FALSE,FALSE
"CCDC34",1.02600053974224,"chr11",27330827,27363234,"Neutral",1.03030077212734,1.01243575805751,"Neutral","Neutral",FALSE,FALSE
"LGR4",1.02492445010961,"chr11",27365961,27472790,"Neutral",1.02917913435148,1.01150334685056,"Neutral","Neutral",FALSE,FALSE
"RCN1",1.02391023795797,"chr11",32091074,32105722,"Neutral",1.02809402339286,1.01071278001667,"Neutral","Neutral",FALSE,FALSE
"WT1",1.02275026160118,"chr11",32387775,32435564,"Neutral",1.02688693317171,1.00970142104314,"Neutral","Neutral",FALSE,FALSE
"PRRG4",1.02179236596004,"chr11",32829927,32858120,"Neutral",1.02582665838794,1.00906647323236,"Neutral","Neutral",FALSE,FALSE
"LMO2",1.02088530152621,"chr11",33858576,33892076,"Neutral",1.02480999690882,1.00850512499703,"Neutral","Neutral",FALSE,FALSE
"EHF",1.02009293969503,"chr11",34621093,34663288,"Neutral",1.02393638329878,1.00796906620783,"Neutral","Neutral",FALSE,FALSE
"FJX1",1.01920220733069,"chr11",35618460,35620865,"Neutral",1.02293131230753,1.00743900702886,"Neutral","Neutral",FALSE,FALSE
"CD82",1.01829181849273,"chr11",44564427,44620358,"Neutral",1.02189203403829,1.00693519086891,"Neutral","Neutral",FALSE,FALSE
"TP53I11",1.01747206675225,"chr11",44885903,44951306,"Neutral",1.02096646225426,1.00644924103959,"Neutral","Neutral",FALSE,FALSE
"MAPK8IP1",1.01676927870632,"chr11",45885651,45906465,"Neutral",1.02013183967941,1.00616231577577,"Neutral","Neutral",FALSE,FALSE
"MDK",1.01610102313967,"chr11",46380756,46383837,"Neutral",1.01936005726592,1.00582062839197,"Neutral","Neutral",FALSE,FALSE
"CKAP5",1.01490789020454,"chr11",46743048,46846308,"Neutral",1.01800989700447,1.00512282715273,"Neutral","Neutral",FALSE,FALSE
"PACSIN3",1.01412398610941,"chr11",47177522,47186443,"Neutral",1.01708803585427,1.00477409891937,"Neutral","Neutral",FALSE,FALSE
"ACP2",1.01338973428549,"chr11",47239302,47248906,"Neutral",1.01624011148159,1.00439841918394,"Neutral","Neutral",FALSE,FALSE
"NR1H3",1.01279652890229,"chr11",47248300,47269033,"Neutral",1.01549770993766,1.00427584263365,"Neutral","Neutral",FALSE,FALSE
"SPI1",1.01221841741918,"chr11",47354860,47378547,"Neutral",1.01477837895749,1.00414319815686,"Neutral","Neutral",FALSE,FALSE
"PTPRJ",1.01171835823669,"chr11",47980425,48170839,"Neutral",1.01422768805465,1.00380285318782,"Neutral","Neutral",FALSE,FALSE
"TNKS1BP1",1.011379526576,"chr11",57299638,57324952,"Neutral",1.013831840887,1.00364387294799,"Neutral","Neutral",FALSE,FALSE
"SLC43A3",1.01101815436365,"chr11",57406954,57427580,"Neutral",1.01338145654146,1.00356328327152,"Neutral","Neutral",FALSE,FALSE
"SERPING1",1.01065719874735,"chr11",57597387,57619171,"Neutral",1.01293256542218,1.00347971403662,"Neutral","Neutral",FALSE,FALSE
"LPXN",1.01023986147995,"chr11",58526871,58578220,"Neutral",1.01238024288653,1.00348817833769,"Neutral","Neutral",FALSE,FALSE
"FAM111A",1.00997405026779,"chr11",59142748,59155039,"Neutral",1.01201267191697,1.00354336114859,"Neutral","Neutral",FALSE,FALSE
"MPEG1",1.00969571934623,"chr11",59208510,59212927,"Neutral",1.01161252307628,1.00364929631553,"Neutral","Neutral",FALSE,FALSE
"MS4A6A",1.00950466412623,"chr11",60172015,60184666,"Neutral",1.01128834863845,1.00387815633874,"Neutral","Neutral",FALSE,FALSE
"MS4A4A",1.00957067031498,"chr11",60185657,60318080,"Neutral",1.01125589233925,1.0042547555452,"Neutral","Neutral",FALSE,FALSE
"MS4A7",1.00989652646257,"chr11",60378485,60395951,"Neutral",1.01149741042669,1.00484665019283,"Neutral","Neutral",FALSE,FALSE
"TMEM132A",1.01058330389586,"chr11",60924460,60937159,"Neutral",1.01204192321006,1.00598219149393,"Neutral","Neutral",FALSE,FALSE
"SLC15A3",1.01132592837173,"chr11",60937060,60952653,"Neutral",1.01274428396238,1.00685182506394,"Neutral","Neutral",FALSE,FALSE
"CYB561A3",1.01210199327753,"chr11",61348754,61362283,"Neutral",1.01335811444571,1.00813964708549,"Neutral","Neutral",FALSE,FALSE
"MYRF",1.01296490055923,"chr11",61752636,61788518,"Neutral",1.01405260220337,1.0095338219524,"Neutral","Neutral",FALSE,FALSE
"FEN1",1.01391624077654,"chr11",61792911,61797238,"Neutral",1.01486623162751,1.01091956121555,"Neutral","Neutral",FALSE,FALSE
"FADS2",1.01476609895275,"chr11",61792980,61867354,"Neutral",1.01561777561237,1.01207954461821,"Neutral","Neutral",FALSE,FALSE
"FADS1",1.01564268628366,"chr11",61799627,61829318,"Neutral",1.01635484221007,1.01339624032396,"Neutral","Neutral",FALSE,FALSE
"FADS3",1.01657249886551,"chr11",61873519,61892051,"Neutral",1.01716669206408,1.01469815806356,"Neutral","Neutral",FALSE,FALSE
"FTH1",1.0175917783846,"chr11",61959718,61967634,"Neutral",1.01803125456986,1.01620548155811,"Neutral","Neutral",FALSE,FALSE
"SCGB2A1",1.01829756340154,"chr11",62208673,62213943,"Neutral",1.01864582772443,1.01719898800246,"Neutral","Neutral",FALSE,FALSE
"SCGB1D2",1.01871538238085,"chr11",62242239,62244812,"Neutral",1.01895203758687,1.017968870119,"Neutral","Neutral",FALSE,FALSE
"ASRGL1",1.01909429351961,"chr11",62337448,62393412,"Neutral",1.01915943963954,1.01888879464993,"Neutral","Neutral",FALSE,FALSE
"FERMT3",1.01916118688002,"chr11",64205926,64223896,"Neutral",1.01905111145242,1.01950841210196,"Neutral","Neutral",FALSE,FALSE
"SAC3D1",1.01949858856479,"chr11",65040901,65044828,"Neutral",1.01918660760683,1.02048271063204,"Neutral","Neutral",FALSE,FALSE
"CDCA5",1.01985395677049,"chr11",65066300,65084164,"Neutral",1.01933833783741,1.02148044055867,"Neutral","Neutral",FALSE,FALSE
"TM7SF2",1.02032935252719,"chr11",65111845,65116384,"Neutral",1.0196404587587,1.02250241963998,"Neutral","Neutral",FALSE,FALSE
"FAU",1.02081150867586,"chr11",65120630,65122177,"Neutral",1.01997244353886,1.02345828084617,"Neutral","Neutral",FALSE,FALSE
"NEAT1",1.02138662636449,"chr11",65422774,65445540,"Neutral",1.02041426572806,1.02445386984598,"Neutral","Neutral",FALSE,FALSE
"MALAT1",1.02191833576915,"chr11",65497640,65508073,"Neutral",1.02079028668012,1.0254766875632,"Neutral","Neutral",FALSE,FALSE
"CFL1",1.02283947313162,"chr11",65823022,65862026,"Neutral",1.02157451018343,1.02682971009903,"Neutral","Neutral",FALSE,FALSE
"EFEMP2",1.023959283938,"chr11",65866441,65873592,"Neutral",1.02260003273211,1.02824694660632,"Neutral","Neutral",FALSE,FALSE
"CTSW",1.02511805808154,"chr11",65879809,65883741,"Neutral",1.02368125369593,1.02965035682009,"Neutral","Neutral",FALSE,FALSE
"CST6",1.02633843670754,"chr11",66012008,66013505,"Neutral",1.02483842787294,1.03107010945086,"Neutral","Neutral",FALSE,FALSE
"CTSF",1.02768981852025,"chr11",66563464,66568879,"Neutral",1.0260832409317,1.03275765492922,"Neutral","Neutral",FALSE,FALSE
"SPTBN2",1.02885308110558,"chr11",66682497,66744670,"Neutral",1.0272087858213,1.03403989534234,"Neutral","Neutral",FALSE,FALSE
"RHOD",1.03010058905657,"chr11",67056847,67072017,"Neutral",1.02844737007501,1.03531555247101,"Neutral","Neutral",FALSE,FALSE
"CLCF1",1.03096384859494,"chr11",67364168,67374177,"Neutral",1.02927811716199,1.03628137025873,"Neutral","Neutral",FALSE,FALSE
"GSTP1",1.03168095931726,"chr11",67583742,67586656,"Neutral",1.02996304652615,1.03709999482,"Neutral","Neutral",FALSE,FALSE
"NUDT8",1.03149393124293,"chr11",67627938,67629937,"Neutral",1.02980146883549,1.03683268529402,"Neutral","Neutral",FALSE,FALSE
"UNC93B1",1.03131762982887,"chr11",67991100,68004982,"Neutral",1.02964598732541,1.03659070895197,"Neutral","Neutral",FALSE,FALSE
"ALDH3B1",1.03115824184641,"chr11",68008578,68029282,"Neutral",1.02955333201962,1.03622081741781,"Neutral","Neutral",FALSE,FALSE
"TCIRG1",1.0310190479803,"chr11",68039025,68050895,"Neutral",1.02946399939006,1.03592433977543,"Neutral","Neutral",FALSE,FALSE
"CCND1",1.03102387075458,"chr11",69641156,69654474,"Neutral",1.02954431570168,1.03569102347699,"Neutral","Neutral",FALSE,FALSE
"CTTN",1.03077397992861,"chr11",70398404,70436584,"Neutral",1.02949445282944,1.03481015848959,"Neutral","Neutral",FALSE,FALSE
"DHCR7",1.03018132107008,"chr11",71428193,71452868,"Neutral",1.02910526362445,1.03357566886878,"Neutral","Neutral",FALSE,FALSE
"FOLR3",1.02969493262742,"chr11",72114869,72139892,"Neutral",1.02879037343838,1.03254830119484,"Neutral","Neutral",FALSE,FALSE
"FOLR1",1.02937360899295,"chr11",72189558,72196323,"Neutral",1.02866879321646,1.03159690096413,"Neutral","Neutral",FALSE,FALSE
"FOLR2",1.02847792272105,"chr11",72216601,72221950,"Neutral",1.02789408990811,1.03031958241263,"Neutral","Neutral",FALSE,FALSE
"STARD10",1.02779159691554,"chr11",72754729,72794047,"Neutral",1.02737102729731,1.02911825430137,"Neutral","Neutral",FALSE,FALSE
"FCHSD2",1.02706112814195,"chr11",72836745,73142318,"Neutral",1.0267497089076,1.02804347829144,"Neutral","Neutral",FALSE,FALSE
"P2RY6",1.02633346177324,"chr11",73264498,73305103,"Neutral",1.02618501673673,1.02680172123741,"Neutral","Neutral",FALSE,FALSE
"ARHGEF17",1.02563131841647,"chr11",73308276,73369388,"Neutral",1.02564245834443,1.02559617829443,"Neutral","Neutral",FALSE,FALSE
"RELT",1.02491115010025,"chr11",73376399,73397474,"Neutral",1.02503455259235,1.02452188558736,"Neutral","Neutral",FALSE,FALSE
"PLEKHB1",1.02430521433933,"chr11",73646178,73662819,"Neutral",1.02455506985905,1.02351706261306,"Neutral","Neutral",FALSE,FALSE
"DNAJB13",1.02369942589985,"chr11",73951026,73970366,"Neutral",1.02410858033784,1.02240877690005,"Neutral","Neutral",FALSE,FALSE
"PGM2L1",1.02306901334318,"chr11",74330316,74398433,"Neutral",1.02364436419193,1.02125410941324,"Neutral","Neutral",FALSE,FALSE
"KCNE3",1.02233050913868,"chr11",74454841,74467729,"Neutral",1.02307151432304,1.01999306021661,"Neutral","Neutral",FALSE,FALSE
"POLD3",1.02168189260224,"chr11",74493851,74669117,"Neutral",1.0225418915938,1.01896908605488,"Neutral","Neutral",FALSE,FALSE
"SLCO2B1",1.0209794902021,"chr11",75100563,75206549,"Neutral",1.02195561200488,1.01790038238495,"Neutral","Neutral",FALSE,FALSE
"RPS3",1.0203843793689,"chr11",75399515,75422280,"Neutral",1.02144870328214,1.0170270441758,"Neutral","Neutral",FALSE,FALSE
"KLHL35",1.01951182355997,"chr11",75422394,75433203,"Neutral",1.02063646112057,1.01596423319325,"Neutral","Neutral",FALSE,FALSE
"SERPINH1",1.01861289541715,"chr11",75562056,75572783,"Neutral",1.01977677656758,1.01494151389664,"Neutral","Neutral",FALSE,FALSE
"WNT11",1.0177298622922,"chr11",76186325,76210736,"Neutral",1.01891695908789,1.01398524864575,"Neutral","Neutral",FALSE,FALSE
"ACER3",1.01681255784069,"chr11",76860859,77026797,"Neutral",1.01800312358202,1.0130570016483,"Neutral","Neutral",FALSE,FALSE
"PAK1",1.0158432043628,"chr11",77322017,77474635,"Neutral",1.01701550521317,1.01214526348892,"Neutral","Neutral",FALSE,FALSE
"PRCP",1.01479428598228,"chr11",82822936,82970584,"Neutral",1.01590630853418,1.0112864887764,"Neutral","Neutral",FALSE,FALSE
"SYTL2",1.01383056895384,"chr11",85694224,85811159,"Neutral",1.0149002837112,1.01045622872077,"Neutral","Neutral",FALSE,FALSE
"PRSS23",1.01280823298022,"chr11",86791059,86952910,"Neutral",1.01381244144173,1.00964052776654,"Neutral","Neutral",FALSE,FALSE
"FZD4",1.01162768480334,"chr11",86945679,86955395,"Neutral",1.01254999769706,1.00871831341874,"Neutral","Neutral",FALSE,FALSE
"SMCO4",1.01049418599233,"chr11",93478472,93543391,"Neutral",1.01130494043227,1.0079367179318,"Neutral","Neutral",FALSE,FALSE
"ENDOD1",1.00948889372825,"chr11",95089846,95132645,"Neutral",1.01022296815683,1.00717330738959,"Neutral","Neutral",FALSE,FALSE
"YAP1",1.00841850263809,"chr11",102110447,102233424,"Neutral",1.00905404412399,1.0064137315616,"Neutral","Neutral",FALSE,FALSE
"BIRC3",1.00717890625816,"chr11",102317484,102339403,"Neutral",1.00767811927303,1.00560417378922,"Neutral","Neutral",FALSE,FALSE
"MMP7",1.00605239083881,"chr11",102520508,102530750,"Neutral",1.00648577634453,1.00468530663406,"Neutral","Neutral",FALSE,FALSE
"CASP1",1.00448469365275,"chr11",105025397,105035250,"Neutral",1.00481853314123,1.00343162038285,"Neutral","Neutral",FALSE,FALSE
"EXPH5",1.00298738309003,"chr11",108505435,108593768,"Neutral",1.00317994553116,1.00237995836486,"Neutral","Neutral",FALSE,FALSE
"CRYAB",1.00132541312221,"chr11",111908564,111923722,"Neutral",1.00143232325493,1.00098817260117,"Neutral","Neutral",FALSE,FALSE
"IL18",0.999368154885101,"chr11",112143253,112164096,"Neutral",0.999403317737625,0.99925723613114,"Neutral","Neutral",FALSE,FALSE
"NNMT",0.997364998000657,"chr11",114257787,114313536,"Neutral",0.997318941279109,0.997510280700981,"Neutral","Neutral",FALSE,FALSE
"CADM1",0.995080739642612,"chr11",115169218,115504957,"Neutral",0.995042868808943,0.995200200533314,"Neutral","Neutral",FALSE,FALSE
"APOA1",0.992297325071495,"chr11",116835751,116837622,"Neutral",0.992302669224741,0.992280467314618,"Neutral","Neutral",FALSE,FALSE
"TAGLN",0.989084528499786,"chr11",117199370,117207464,"Neutral",0.989181500421552,0.988778637368681,"Neutral","Neutral",FALSE,FALSE
"IL10RA",0.985585999745278,"chr11",117986370,118003037,"Neutral",0.985662514839286,0.985344638243656,"Neutral","Neutral",FALSE,FALSE
"TMPRSS4",0.981931976380822,"chr11",118077012,118121890,"Neutral",0.982047459153058,0.981567694069206,"Neutral","Neutral",FALSE,FALSE
"JAML",0.97782725087824,"chr11",118193725,118225092,"Neutral",0.978116185638248,0.976915826427268,"Neutral","Neutral",FALSE,FALSE
"MPZL2",0.973700957047727,"chr11",118253416,118264536,"Neutral",0.974187442746853,0.972166372004313,"Neutral","Neutral",FALSE,FALSE
"CD3E",0.96920491913047,"chr11",118304730,118316175,"Neutral",0.969917853652884,0.96695601714425,"Neutral","Neutral",FALSE,FALSE
"CD3D",0.965418905407858,"chr11",118339075,118342705,"Neutral",0.966296183076307,0.962651594485167,"Neutral","Neutral",FALSE,FALSE
"CD3G",0.962202706966862,"chr11",118344344,118355161,"Neutral",0.963305250793795,0.958724809734607,"Neutral","Neutral",FALSE,FALSE
"PHLDB1",0.960326778827743,"chr11",118606440,118658031,"Neutral",0.96164247681722,0.956176501728267,"Neutral","Neutral",FALSE,FALSE
"RPS25",0.958338134106077,"chr11",119015712,119018691,"Neutral",0.959822313240106,0.953656395043809,"Neutral","Neutral",FALSE,FALSE
"HYOU1",0.956398484175707,"chr11",119044188,119057227,"Neutral",0.957988412339277,0.951383167210987,"Neutral","Neutral",FALSE,FALSE
"THY1",0.954283835130881,"chr11",119415476,119424985,"Neutral",0.956038858242146,0.948747737724041,"Neutral","Loss",FALSE,TRUE
"TRIM29",0.951751032535298,"chr11",120111286,120185529,"Neutral",0.953639929396749,0.945792639765796,"Neutral","Loss",FALSE,TRUE
"SORL1",0.949144155027788,"chr11",121452314,121633763,"Loss",0.95106246700268,0.943092974344443,"Neutral","Loss",FALSE,TRUE
"SPA17",0.946986548158502,"chr11",124673844,124697518,"Loss",0.948897910676385,0.940957289050251,"Loss","Loss",TRUE,FALSE
"CHEK1",0.944700183783334,"chr11",125625163,125676255,"Loss",0.946621385643712,0.938639887158751,"Loss","Loss",TRUE,FALSE
"ETS1",0.942114782797954,"chr11",128458761,128587558,"Loss",0.943939698599899,0.936358213796664,"Loss","Loss",TRUE,FALSE
"ST14",0.940987265130839,"chr11",130159782,130210362,"Loss",0.94286448231724,0.935065715077734,"Loss","Loss",TRUE,FALSE
"NCAPD3",0.939486409451475,"chr11",134150113,134225504,"Loss",0.941409954154913,0.933418722492656,"Loss","Loss",TRUE,FALSE
"FKBP4",1.01141301415732,"chr12",2794970,2805423,"Neutral",1.00625046432396,1.02769791579861,"Neutral","Neutral",FALSE,FALSE
"FOXM1",1.01112202729465,"chr12",2857680,2877174,"Neutral",1.00620646197438,1.02662783359888,"Neutral","Neutral",FALSE,FALSE
"CCND2",1.01091948158897,"chr12",4269771,4305353,"Neutral",1.00627581598079,1.025567599307,"Neutral","Neutral",FALSE,FALSE
"RAD51AP1",1.01130239036717,"chr12",4538798,4560047,"Neutral",1.0068923549547,1.02521353800639,"Neutral","Neutral",FALSE,FALSE
"CD9",1.01171155532057,"chr12",6199715,6238271,"Neutral",1.00750635847081,1.02497655406948,"Neutral","Neutral",FALSE,FALSE
"SCNN1A",1.01082630903957,"chr12",6346843,6377730,"Neutral",1.00684288008662,1.02339175650021,"Neutral","Neutral",FALSE,FALSE
"CD27",1.00948557193899,"chr12",6444955,6451718,"Neutral",1.00568526735384,1.02147336641533,"Neutral","Neutral",FALSE,FALSE
"NCAPD2",1.00870588277723,"chr12",6493356,6531955,"Neutral",1.00513495621539,1.0199701203546,"Neutral","Neutral",FALSE,FALSE
"GAPDH",1.00799874396525,"chr12",6534512,6538374,"Neutral",1.00454946179121,1.01887926284655,"Neutral","Neutral",FALSE,FALSE
"LAG3",1.00656505212443,"chr12",6772512,6778455,"Neutral",1.00327811465961,1.01693346599811,"Neutral","Neutral",FALSE,FALSE
"CD4",1.00549056072891,"chr12",6786858,6820799,"Neutral",1.0023774655259,1.01531060137114,"Neutral","Neutral",FALSE,FALSE
"CDCA3",1.00495976162082,"chr12",6844793,6851292,"Neutral",1.00203141943239,1.01419701182662,"Neutral","Neutral",FALSE,FALSE
"TPI1",1.0044588704678,"chr12",6867119,6870948,"Neutral",1.00166587323125,1.01326918450831,"Neutral","Neutral",FALSE,FALSE
"ENO2",1.00337213296942,"chr12",6913745,6923698,"Neutral",1.00076624940599,1.01159221004161,"Neutral","Neutral",FALSE,FALSE
"PTPN6",1.00232500310365,"chr12",6946468,6961316,"Neutral",0.999887757869475,1.01001312238488,"Neutral","Neutral",FALSE,FALSE
"C1S",1.00161511467733,"chr12",6988259,7071032,"Neutral",0.99934814277137,1.00876611867803,"Neutral","Neutral",FALSE,FALSE
"C1R",1.00082368468651,"chr12",7080214,7092540,"Neutral",0.998699253361286,1.00752505441499,"Neutral","Neutral",FALSE,FALSE
"CD163",1.000434416399,"chr12",7470811,7503893,"Neutral",0.998374674569422,1.0069317276471,"Neutral","Neutral",FALSE,FALSE
"SLC2A3",1.00047292834275,"chr12",7919230,8019007,"Neutral",0.998449659892697,1.0068551868713,"Neutral","Neutral",FALSE,FALSE
"C3AR1",1.00085255487973,"chr12",8056844,8066359,"Neutral",0.998899299161166,1.00701396315351,"Neutral","Neutral",FALSE,FALSE
"MFAP5",1.00191368851585,"chr12",8637346,8662888,"Neutral",1.00009936235289,1.00763685324309,"Neutral","Neutral",FALSE,FALSE
"A2M",1.00339030719675,"chr12",9067664,9116229,"Neutral",1.00169298497662,1.00874439118638,"Neutral","Neutral",FALSE,FALSE
"KLRB1",1.00499824127537,"chr12",9594551,9607916,"Neutral",1.00339917452139,1.01004238528308,"Neutral","Neutral",FALSE,FALSE
"CLEC2D",1.00658407029075,"chr12",9664969,9699553,"Neutral",1.00507828349943,1.01133396919361,"Neutral","Neutral",FALSE,FALSE
"CD69",1.00813883050522,"chr12",9752486,9760901,"Neutral",1.00669627342224,1.01268927572446,"Neutral","Neutral",FALSE,FALSE
"CLEC7A",1.01005291991804,"chr12",10116777,10130258,"Neutral",1.00871675373391,1.01426776250308,"Neutral","Neutral",FALSE,FALSE
"OLR1",1.01199808901503,"chr12",10158301,10172138,"Neutral",1.01070813790987,1.01606714937235,"Neutral","Neutral",FALSE,FALSE
"GABARAPL1",1.01404049235224,"chr12",10212458,10223128,"Neutral",1.01288824096184,1.01767518860981,"Neutral","Neutral",FALSE,FALSE
"KLRD1",1.01615561466799,"chr12",10226058,10329608,"Neutral",1.01504552035727,1.01965732937216,"Neutral","Neutral",FALSE,FALSE
"LRP6",1.01835233623531,"chr12",12116025,12267044,"Neutral",1.01729214043815,1.02169664957551,"Neutral","Neutral",FALSE,FALSE
"CREBL2",1.02044418148448,"chr12",12611827,12645108,"Neutral",1.01944360182691,1.02360043989047,"Neutral","Neutral",FALSE,FALSE
"GPRC5A",1.02269529640864,"chr12",12891559,12917937,"Neutral",1.02172218348319,1.02576491293309,"Neutral","Neutral",FALSE,FALSE
"EMP1",1.02488660309321,"chr12",13196723,13219941,"Neutral",1.02393443291202,1.02789015719865,"Neutral","Neutral",FALSE,FALSE
"PLBD1",1.02707258564979,"chr12",14503661,14567883,"Neutral",1.02618316439553,1.02987820266286,"Neutral","Neutral",FALSE,FALSE
"MGP",1.0294793247095,"chr12",14880864,14885857,"Neutral",1.02862624157374,1.03217031567445,"Neutral","Neutral",FALSE,FALSE
"ERP27",1.03195425914437,"chr12",14914039,14938537,"Neutral",1.03118482224224,1.03438139392756,"Neutral","Neutral",FALSE,FALSE
"EPS8",1.03444112655194,"chr12",15620134,15882329,"Neutral",1.03376327060449,1.03657937563185,"Neutral","Neutral",FALSE,FALSE
"MGST1",1.0370355151213,"chr12",16347142,16609259,"Neutral",1.03644226719913,1.03890687411506,"Neutral","Neutral",FALSE,FALSE
"LMO3",1.03997511180695,"chr12",16548372,16610594,"Neutral",1.03945202909775,1.04162513955379,"Neutral","Neutral",FALSE,FALSE
"SOX5",1.0431130778641,"chr12",23529504,24562544,"Neutral",1.04269436568312,1.04443387609431,"Neutral","Neutral",FALSE,FALSE
"BCAT1",1.04644777553597,"chr12",24810024,24949101,"Neutral",1.0461983866011,1.04723445545305,"Neutral","Neutral",FALSE,FALSE
"RASSF8",1.04995050584497,"chr12",25958232,26079892,"Neutral",1.04979275797488,1.05044811044568,"Neutral","Gain",FALSE,TRUE
"BHLHE41",1.05369117391937,"chr12",26120030,26125037,"Gain",1.05362955989097,1.05388553105386,"Gain","Gain",TRUE,FALSE
"SSPN",1.05721453795723,"chr12",26121991,26299290,"Gain",1.05718477884265,1.05730841099856,"Gain","Gain",TRUE,FALSE
"STK38L",1.06076235346372,"chr12",27243968,27325959,"Gain",1.06071719285064,1.06090480945271,"Gain","Gain",TRUE,FALSE
"PPFIBP1",1.06417289505454,"chr12",27523431,27695564,"Gain",1.06413420956279,1.06429492572707,"Gain","Gain",TRUE,FALSE
"TMTC1",1.06742662644572,"chr12",29500840,29784759,"Gain",1.06739557813499,1.06752456616595,"Gain","Gain",TRUE,FALSE
"SINHCAF",1.07060436767181,"chr12",31280584,31327058,"Gain",1.07057661024431,1.07069192653153,"Gain","Gain",TRUE,FALSE
"BICD1",1.07338486937331,"chr12",32106835,32383633,"Gain",1.07333595993886,1.07353915075655,"Gain","Gain",TRUE,FALSE
"FGD4",1.07597423451225,"chr12",32399558,32646050,"Gain",1.07587981362302,1.07627207859004,"Gain","Gain",TRUE,FALSE
"PKP2",1.07875037498807,"chr12",32790745,32896798,"Gain",1.07864132901037,1.07909435288244,"Gain","Gain",TRUE,FALSE
"KIF21A",1.08148405940046,"chr12",39293228,39443390,"Gain",1.08138328711603,1.08180193850926,"Gain","Gain",TRUE,FALSE
"SLC38A1",1.08455405680881,"chr12",46183063,46270017,"Gain",1.08443625806484,1.08492564469094,"Gain","Gain",TRUE,FALSE
"RAPGEF3",1.08744841779175,"chr12",47734363,47771040,"Gain",1.08731210879957,1.08787839495461,"Gain","Gain",TRUE,FALSE
"SLC48A1",1.09008388482656,"chr12",47753916,47782751,"Gain",1.09000101511484,1.09034529152443,"Gain","Gain",TRUE,FALSE
"TMEM106C",1.09272397871785,"chr12",47963569,47968878,"Gain",1.09276030809281,1.09260938025063,"Gain","Gain",TRUE,FALSE
"FKBP11",1.09564462840198,"chr12",48921518,48926474,"Gain",1.09576230880542,1.09527341381675,"Gain","Gain",TRUE,FALSE
"TUBA1B",1.09820823998728,"chr12",49127782,49131397,"Gain",1.09837955029637,1.09766785362322,"Gain","Gain",TRUE,FALSE
"TUBA1C",1.10029744653669,"chr12",49188736,49274600,"Gain",1.100570079502,1.09943744495464,"Gain","Gain",TRUE,FALSE
"TROAP",1.10223011892831,"chr12",49323236,49331731,"Gain",1.10265105675929,1.10090230004117,"Gain","Gain",TRUE,FALSE
"AQP5",1.10459132633987,"chr12",49961872,49965682,"Gain",1.10508000126781,1.10304983552759,"Gain","Gain",TRUE,FALSE
"RACGAP1",1.1065312049137,"chr12",49976923,50033136,"Gain",1.10710897210743,1.10470867879285,"Gain","Gain",TRUE,FALSE
"LIMA1",1.10839861757507,"chr12",50175788,50283520,"Gain",1.10909152372027,1.10621289370111,"Gain","Gain",TRUE,FALSE
"METTL7A",1.11024474350976,"chr12",50923472,50932510,"Gain",1.11109833656134,1.10755214405108,"Gain","Gain",TRUE,FALSE
"GALNT6",1.11250696661155,"chr12",51351247,51392867,"Gain",1.11338903314489,1.10972454955018,"Gain","Gain",TRUE,FALSE
"NR4A1",1.11475643412801,"chr12",52022832,52059507,"Gain",1.1156909453982,1.11180858381972,"Gain","Gain",TRUE,FALSE
"KRT80",1.11717497037037,"chr12",52168996,52192014,"Gain",1.11809636395609,1.11426849887844,"Gain","Gain",TRUE,FALSE
"KRT7",1.11969337915991,"chr12",52232520,52252186,"Gain",1.12059584534144,1.11684661283798,"Gain","Gain",TRUE,FALSE
"KRT6A",1.12109715301994,"chr12",52487176,52493257,"Gain",1.12218974470879,1.11765064910981,"Gain","Gain",TRUE,FALSE
"KRT5",1.1220621672168,"chr12",52514575,52520530,"Gain",1.12335810825489,1.11797421203587,"Gain","Gain",TRUE,FALSE
"KRT8",1.12269753904481,"chr12",52897187,52949954,"Gain",1.12417193693764,1.11804665422243,"Gain","Gain",TRUE,FALSE
"KRT18",1.12161969387567,"chr12",52948871,52952906,"Gain",1.12328728015282,1.11635940983419,"Gain","Gain",TRUE,FALSE
"IGFBP6",1.11888588847957,"chr12",53097436,53102345,"Gain",1.12074985858719,1.11300612540808,"Gain","Gain",TRUE,FALSE
"ZNF385A",1.11614255017895,"chr12",54369133,54391298,"Gain",1.11823651714005,1.10953727815206,"Gain","Gain",TRUE,FALSE
"NCKAP1L",1.11344055161489,"chr12",54497752,54548243,"Gain",1.11588711756414,1.10572303079119,"Gain","Gain",TRUE,FALSE
"CD63",1.11103079486967,"chr12",55725323,55729707,"Gain",1.11376977707104,1.1023908674721,"Gain","Gain",TRUE,FALSE
"GDF11",1.1076416258169,"chr12",55743122,55757264,"Gain",1.11067801535168,1.09806354782936,"Gain","Gain",TRUE,FALSE
"MMP19",1.10395474047202,"chr12",55835433,55842966,"Gain",1.10728109959928,1.09346197372699,"Gain","Gain",TRUE,FALSE
"RPS26",1.10046222228251,"chr12",56041351,56044697,"Gain",1.10404210507531,1.08916973290226,"Gain","Gain",TRUE,FALSE
"ERBB3",1.09642093307943,"chr12",56076799,56103505,"Gain",1.10018669988507,1.08454208560804,"Gain","Gain",TRUE,FALSE
"RPL41",1.09216085691559,"chr12",56116590,56117967,"Gain",1.0961725247571,1.07950633186006,"Gain","Gain",TRUE,FALSE
"MYL6B",1.08781955058952,"chr12",56152256,56159647,"Gain",1.09198204452192,1.07468925520069,"Gain","Gain",TRUE,FALSE
"MYL6",1.08358761246381,"chr12",56158346,56163496,"Gain",1.08788109722782,1.07004411567692,"Gain","Gain",TRUE,FALSE
"TIMELESS",1.07900086374095,"chr12",56416363,56449426,"Gain",1.08336580597226,1.0652319593814,"Gain","Gain",TRUE,FALSE
"NACA",1.07450360024067,"chr12",56712305,56731628,"Gain",1.07877896560973,1.06101725981526,"Gain","Gain",TRUE,FALSE
"LRP1",1.06976950695365,"chr12",57128483,57213361,"Gain",1.07404880613164,1.05627075760366,"Gain","Gain",TRUE,FALSE
"SHMT2",1.06516372379074,"chr12",57229573,57234935,"Gain",1.06933429710183,1.05200794256805,"Gain","Gain",TRUE,FALSE
"NDUFA4L2",1.06058348090906,"chr12",57234903,57240715,"Gain",1.06465711095325,1.0477335004277,"Gain","Neutral",FALSE,TRUE
"DDIT3",1.05623405413123,"chr12",57516588,57521737,"Gain",1.06021659253552,1.04367141584394,"Gain","Neutral",FALSE,TRUE
"SRGAP1",1.05177306023076,"chr12",63843761,64162217,"Gain",1.05568569812917,1.03943091819042,"Gain","Neutral",FALSE,TRUE
"GNS",1.04732614278389,"chr12",64713445,64759431,"Neutral",1.05118704695323,1.03514719116627,"Gain","Neutral",FALSE,TRUE
"HMGA2",1.04315956443251,"chr12",65824460,65966291,"Neutral",1.04696012090026,1.03117097541018,"Neutral","Neutral",FALSE,FALSE
"IRAK3",1.03899576238385,"chr12",66189195,66254622,"Neutral",1.04271449571268,1.02726527871881,"Neutral","Neutral",FALSE,FALSE
"MDM2",1.03516644027683,"chr12",68808177,68845544,"Neutral",1.03878370949524,1.02375601803718,"Neutral","Neutral",FALSE,FALSE
"CPM",1.03146235089357,"chr12",68842197,68971570,"Neutral",1.03495279177462,1.02045199975557,"Neutral","Neutral",FALSE,FALSE
"LYZ",1.02808376753256,"chr12",69348381,69354234,"Neutral",1.03143971239937,1.01749767464555,"Neutral","Neutral",FALSE,FALSE
"RAB3IP",1.0252487239745,"chr12",69738860,69823204,"Neutral",1.02846229471377,1.01511174029481,"Neutral","Neutral",FALSE,FALSE
"LGR5",1.02251471196126,"chr12",71439798,71586310,"Neutral",1.02557146145161,1.01287240992075,"Neutral","Neutral",FALSE,FALSE
"THAP2",1.0197939048606,"chr12",71664301,71680644,"Neutral",1.0226664018365,1.01073281446389,"Neutral","Neutral",FALSE,FALSE
"PHLDA1",1.01728865706526,"chr12",76025447,76031776,"Neutral",1.02008893459759,1.00845537784195,"Neutral","Neutral",FALSE,FALSE
"CSRP2",1.01506782506801,"chr12",76858709,76879023,"Neutral",1.0178112671484,1.00641382929462,"Neutral","Neutral",FALSE,FALSE
"PAWR",1.01289537314821,"chr12",79574979,79690964,"Neutral",1.01556207246314,1.0044834570501,"Neutral","Neutral",FALSE,FALSE
"LRRIQ1",1.01052889085163,"chr12",85036314,85264457,"Neutral",1.01311986285294,1.00235585125709,"Neutral","Neutral",FALSE,FALSE
"RASSF9",1.00817977171337,"chr12",85800703,85836409,"Neutral",1.010708967258,1.00020160162197,"Neutral","Neutral",FALSE,FALSE
"NTS",1.00602499755951,"chr12",85874295,85882992,"Neutral",1.00852045908724,0.998153239060193,"Neutral","Neutral",FALSE,FALSE
"DUSP6",1.00376698071554,"chr12",89347235,89352501,"Neutral",1.00616677464175,0.996196998960559,"Neutral","Neutral",FALSE,FALSE
"ATP2B1-AS1",1.00150536014255,"chr12",89708959,89712590,"Neutral",1.00376087674083,0.994390491107134,"Neutral","Neutral",FALSE,FALSE
"BTG1",0.999406758273675,"chr12",92140278,92145846,"Neutral",1.00163044610068,0.992392290866553,"Neutral","Neutral",FALSE,FALSE
"PLXNC1",0.998023414254083,"chr12",94148577,94307675,"Neutral",1.00023260760478,0.991054668656674,"Neutral","Neutral",FALSE,FALSE
"TMCC3",0.996830904669532,"chr12",94567122,94650557,"Neutral",0.999055569800548,0.989813354425402,"Neutral","Neutral",FALSE,FALSE
"FGD6",0.995742971916247,"chr12",95076749,95217482,"Neutral",0.997998650403898,0.988627592212126,"Neutral","Neutral",FALSE,FALSE
"NTN4",0.994736370655935,"chr12",95657807,95791189,"Neutral",0.997039178486445,0.987472324742742,"Neutral","Neutral",FALSE,FALSE
"LTA4H",0.993813160478183,"chr12",96000753,96043520,"Neutral",0.996203509950343,0.986272970591603,"Neutral","Neutral",FALSE,FALSE
"TMPO",0.992745832874126,"chr12",98515579,98550351,"Neutral",0.995185794476153,0.985049145000858,"Neutral","Neutral",FALSE,FALSE
"DRAM1",0.991586918294935,"chr12",101877580,102012130,"Neutral",0.994068315270333,0.983759525440293,"Neutral","Neutral",FALSE,FALSE
"IGF1",0.990496632111593,"chr12",102395874,102481744,"Neutral",0.993060961868529,0.982407633609784,"Neutral","Neutral",FALSE,FALSE
"HSP90B1",0.989465412353418,"chr12",103930107,103953931,"Neutral",0.992100851994324,0.981152102706237,"Neutral","Neutral",FALSE,FALSE
"TXNRD1",0.987970098262779,"chr12",104215779,104350307,"Neutral",0.990700977445084,0.979355731270962,"Neutral","Neutral",FALSE,FALSE
"CKAP4",0.986387260868217,"chr12",106237881,106304279,"Neutral",0.989241838955715,0.977382694349182,"Neutral","Neutral",FALSE,FALSE
"SELPLG",0.984954933473247,"chr12",108621895,108633894,"Neutral",0.987866095838063,0.975771875817024,"Neutral","Neutral",FALSE,FALSE
"CORO1C",0.983719282755807,"chr12",108645109,108731526,"Neutral",0.986689584736588,0.974349673325712,"Neutral","Neutral",FALSE,FALSE
"UNG",0.98239726870055,"chr12",109097597,109126725,"Neutral",0.985448305666558,0.972772986417723,"Neutral","Neutral",FALSE,FALSE
"SH2B3",0.981520406436008,"chr12",111405923,111451623,"Neutral",0.984678075891556,0.971559759438077,"Neutral","Neutral",FALSE,FALSE
"ALDH2",0.981356599791061,"chr12",111766887,111817532,"Neutral",0.984635380856484,0.97101391470767,"Neutral","Neutral",FALSE,FALSE
"RPL6",0.981217360189055,"chr12",112405189,112418838,"Neutral",0.984578153179959,0.970615974234389,"Neutral","Neutral",FALSE,FALSE
"OAS1",0.98091914921761,"chr12",112905856,112933219,"Neutral",0.984335564552187,0.97014230647802,"Neutral","Neutral",FALSE,FALSE
"OAS3",0.9805295377279,"chr12",112938051,112976460,"Neutral",0.984027491412656,0.969495487977142,"Neutral","Neutral",FALSE,FALSE
"OAS2",0.980491548724218,"chr12",112978395,113011723,"Neutral",0.984056465139946,0.969246269731569,"Neutral","Neutral",FALSE,FALSE
"SDS",0.980589574709287,"chr12",113392445,113426301,"Neutral",0.984225379241694,0.969120684120642,"Neutral","Neutral",FALSE,FALSE
"SDSL",0.980797004383575,"chr12",113422380,113438276,"Neutral",0.98447482539461,0.969195575757743,"Neutral","Neutral",FALSE,FALSE
"FBXO21",0.981068410506378,"chr12",117141991,117190470,"Neutral",0.984806083516331,0.969278182944581,"Neutral","Neutral",FALSE,FALSE
"BICDL1",0.981150717398255,"chr12",119989236,120094494,"Neutral",0.984895852993145,0.969336949635277,"Neutral","Neutral",FALSE,FALSE
"RPLP0",0.981421326103122,"chr12",120196699,120201235,"Neutral",0.985203954346615,0.969489290407732,"Neutral","Neutral",FALSE,FALSE
"OASL",0.981274079577543,"chr12",121017763,121039246,"Neutral",0.985061207752194,0.969327849164686,"Neutral","Neutral",FALSE,FALSE
"RHOF",0.981442776151693,"chr12",121777754,121803403,"Neutral",0.985220085412986,0.969527518812877,"Neutral","Neutral",FALSE,FALSE
"BCL7A",0.981698357264181,"chr12",122019422,122062044,"Neutral",0.985482542254846,0.969761410918936,"Neutral","Neutral",FALSE,FALSE
"RILPL2",0.981986968341168,"chr12",123415039,123436684,"Neutral",0.985778113547628,0.970028066482993,"Neutral","Neutral",FALSE,FALSE
"UBC",0.982322950593576,"chr12",124911604,124917368,"Neutral",0.986135225322044,0.970297397139053,"Neutral","Neutral",FALSE,FALSE
"BRI3BP",0.982637642179483,"chr12",124993645,125031231,"Neutral",0.986429061836137,0.970677874587408,"Neutral","Neutral",FALSE,FALSE
"SLC15A4",0.982955413203068,"chr12",128793194,128823958,"Neutral",0.986783225192812,0.970880848546749,"Neutral","Neutral",FALSE,FALSE
"PXMP2",0.983476212765818,"chr12",132687587,132704985,"Neutral",0.987309038148271,0.971385833713552,"Neutral","Neutral",FALSE,FALSE
"ZNF891",0.984047801201562,"chr12",133104779,133130274,"Neutral",0.987889513800102,0.971929388048996,"Neutral","Neutral",FALSE,FALSE
"RPL21",0.964431204291168,"chr13",27251362,27256691,"Neutral",0.958368438152124,0.983555775178709,"Neutral","Neutral",FALSE,FALSE
"SLC7A1",0.964950112762621,"chr13",29509414,29595688,"Neutral",0.958961368978619,0.983841185318908,"Neutral","Neutral",FALSE,FALSE
"HMGB1",0.965284911129492,"chr13",30456704,30617597,"Neutral",0.959312063350735,0.984125840851275,"Neutral","Neutral",FALSE,FALSE
"ALOX5AP",0.965565529207926,"chr13",30713478,30764426,"Neutral",0.959571069815106,0.984474631251659,"Neutral","Neutral",FALSE,FALSE
"HSPH1",0.966804655940534,"chr13",31134973,31162388,"Neutral",0.960750418668846,0.985902323113731,"Neutral","Neutral",FALSE,FALSE
"BRCA2",0.967863160199228,"chr13",32315086,32400268,"Neutral",0.961845803914135,0.986844488884951,"Neutral","Neutral",FALSE,FALSE
"RFC3",0.968840954430608,"chr13",33818069,33966558,"Neutral",0.962841063145442,0.987767190998059,"Neutral","Neutral",FALSE,FALSE
"CCNA1",0.969691666570668,"chr13",36431520,36442870,"Neutral",0.963786485701946,0.98831914576706,"Neutral","Neutral",FALSE,FALSE
"RGCC",0.970333787116658,"chr13",41457550,41470871,"Neutral",0.964496976860085,0.988745596008652,"Neutral","Neutral",FALSE,FALSE
"DGKH",0.971302771201784,"chr13",42040036,42256578,"Neutral",0.965515889172947,0.989557084998521,"Neutral","Neutral",FALSE,FALSE
"EPSTI1",0.972196400130878,"chr13",42886388,42992271,"Neutral",0.96649203999545,0.990190404398253,"Neutral","Neutral",FALSE,FALSE
"TSC22D1",0.973602885064201,"chr13",44432143,44577147,"Neutral",0.967975614093881,0.991353716962897,"Neutral","Neutral",FALSE,FALSE
"TPT1",0.97440588863784,"chr13",45333471,45341284,"Neutral",0.968746504752294,0.992258018477042,"Neutral","Neutral",FALSE,FALSE
"NUDT15",0.975519185195496,"chr13",48037726,48047221,"Neutral",0.969929177817761,0.993152471702937,"Neutral","Neutral",FALSE,FALSE
"RB1",0.976535835483305,"chr13",48303744,48599436,"Neutral",0.971047562689884,0.993848207374413,"Neutral","Neutral",FALSE,FALSE
"LPAR6",0.977690517597484,"chr13",48389567,48444704,"Neutral",0.972273743709045,0.994777351203697,"Neutral","Neutral",FALSE,FALSE
"RCBTB2",0.97907174435066,"chr13",48488963,48533256,"Neutral",0.97369038177467,0.996046875453489,"Neutral","Neutral",FALSE,FALSE
"CKAP2",0.980541247934115,"chr13",52455429,52476628,"Neutral",0.975153115221779,0.997537734957576,"Neutral","Neutral",FALSE,FALSE
"DIAPH3",0.98201709916728,"chr13",59665583,60163928,"Neutral",0.976672101059788,0.998877521102773,"Neutral","Neutral",FALSE,FALSE
"DACH1",0.983470356975445,"chr13",71437966,71867204,"Neutral",0.978188838730753,1.00013053613261,"Neutral","Neutral",FALSE,FALSE
"KLF5",0.984734768846083,"chr13",73054976,73077541,"Neutral",0.979456470082636,1.00138479237529,"Neutral","Neutral",FALSE,FALSE
"TBC1D4",0.985561488359944,"chr13",75283503,75482169,"Neutral",0.980279900669058,1.00222188658026,"Neutral","Neutral",FALSE,FALSE
"LMO7",0.986531012739445,"chr13",75620434,75859870,"Neutral",0.981203006105807,1.00333783626148,"Neutral","Neutral",FALSE,FALSE
"KCTD12",0.987253150831273,"chr13",76880175,76886405,"Neutral",0.981966023349112,1.00393102393492,"Neutral","Neutral",FALSE,FALSE
"SCEL",0.98812392507675,"chr13",77535674,77645263,"Neutral",0.982868969996952,1.00470031259189,"Neutral","Neutral",FALSE,FALSE
"NDFIP2",0.988945001453998,"chr13",79481155,79556077,"Neutral",0.983788416313072,1.00521108789104,"Neutral","Neutral",FALSE,FALSE
"SPRY2",0.98963577282292,"chr13",80335976,80341126,"Neutral",0.984552020236396,1.00567211407144,"Neutral","Neutral",FALSE,FALSE
"CLDN10",0.990365705657323,"chr13",95433604,95579759,"Neutral",0.985330277801718,1.00624960992891,"Neutral","Neutral",FALSE,FALSE
"FARP1",0.990761760202243,"chr13",98142562,98455176,"Neutral",0.985870581824063,1.00619063960676,"Neutral","Neutral",FALSE,FALSE
"DOCK9",0.990805967839985,"chr13",98793429,99086625,"Neutral",0.985993287054135,1.00598723209086,"Neutral","Neutral",FALSE,FALSE
"GPR183",0.990798526051274,"chr13",99294539,99307399,"Neutral",0.986108446864695,1.00559305214957,"Neutral","Neutral",FALSE,FALSE
"EFNB2",0.991436100662207,"chr13",106489745,106535662,"Neutral",0.986812968878993,1.00601944586847,"Neutral","Neutral",FALSE,FALSE
"TNFSF13B",0.991833067723854,"chr13",108251240,108308484,"Neutral",0.987264681384229,1.00624372226505,"Neutral","Neutral",FALSE,FALSE
"IRS2",0.992631606100454,"chr13",109752695,109786583,"Neutral",0.988112342086572,1.00688730770775,"Neutral","Neutral",FALSE,FALSE
"COL4A1",0.993496310403488,"chr13",110148963,110307157,"Neutral",0.989043151944646,1.00754348667029,"Neutral","Neutral",FALSE,FALSE
"COL4A2",0.994219345826533,"chr13",110305812,110513209,"Neutral",0.989834659916658,1.0080505302364,"Neutral","Neutral",FALSE,FALSE
"RAB20",0.994825133647418,"chr13",110523066,110561722,"Neutral",0.990559198409799,1.00828172738408,"Neutral","Neutral",FALSE,FALSE
"TFDP1",0.995525317727131,"chr13",113584721,113641473,"Neutral",0.991346094108834,1.00870838573767,"Neutral","Neutral",FALSE,FALSE
"GAS6",0.99621235448247,"chr13",113820549,113864076,"Neutral",0.992161916481575,1.00898917728862,"Neutral","Neutral",FALSE,FALSE
"PNP",0.925136998429752,"chr14",20461992,20477094,"Loss",0.932910764371874,0.90061519857575,"Loss","Loss",TRUE,FALSE
"RNASE6",0.926336997861343,"chr14",20781268,20782467,"Loss",0.934177610887087,0.901604333566915,"Loss","Loss",TRUE,FALSE
"RNASE1",0.927996371720769,"chr14",20801228,20802855,"Loss",0.935893094054245,0.903086714547418,"Loss","Loss",TRUE,FALSE
"NDRG2",0.929916152533778,"chr14",21016763,21070872,"Loss",0.937674885171972,0.905441774183434,"Loss","Loss",TRUE,FALSE
"TRDC",0.931628835936596,"chr14",22462932,22465787,"Loss",0.93926495915806,0.907541220398467,"Loss","Loss",TRUE,FALSE
"TRAC",0.93365557360852,"chr14",22547506,22552156,"Loss",0.941164556370017,0.909969013740946,"Loss","Loss",TRUE,FALSE
"SLC7A7",0.936844905936391,"chr14",22773222,22829820,"Loss",0.944143988491202,0.913820461560328,"Loss","Loss",TRUE,FALSE
"MMP14",0.939961510068237,"chr14",22836560,22849041,"Loss",0.947035746522666,0.917646326957895,"Loss","Loss",TRUE,FALSE
"SLC7A8",0.943196587415819,"chr14",23125295,23183674,"Loss",0.95003496931907,0.921625390957727,"Neutral","Loss",FALSE,TRUE
"EMC9",0.946301742527181,"chr14",24138959,24141591,"Loss",0.952897963889663,0.925494424523555,"Neutral","Loss",FALSE,TRUE
"REC8",0.949378536161741,"chr14",24171853,24180257,"Loss",0.955662166087684,0.929557265937272,"Neutral","Loss",FALSE,TRUE
"TGM1",0.952322623288011,"chr14",24249114,24264432,"Neutral",0.958185601835461,0.933828268356402,"Neutral","Loss",FALSE,TRUE
"GZMH",0.954924896534521,"chr14",24606480,24609699,"Neutral",0.960490191711176,0.937369562933477,"Neutral","Loss",FALSE,TRUE
"GZMB",0.957546226530735,"chr14",24630954,24634267,"Neutral",0.96280454183154,0.94095923943393,"Neutral","Loss",FALSE,TRUE
"STXBP6",0.960252224115443,"chr14",24809454,25050147,"Neutral",0.965227102768002,0.944559318061379,"Neutral","Loss",FALSE,TRUE
"NPAS3",0.962728417361843,"chr14",32934396,33820863,"Neutral",0.967413397040824,0.947949977302883,"Neutral","Loss",FALSE,TRUE
"EGLN3",0.964849067633177,"chr14",33924227,34462774,"Neutral",0.969254813535123,0.950951450954275,"Neutral","Neutral",FALSE,FALSE
"NFKBIA",0.966721517075676,"chr14",35401079,35404749,"Neutral",0.970875952333454,0.953616642211149,"Neutral","Neutral",FALSE,FALSE
"RPS29",0.968853098960474,"chr14",49570984,49599164,"Neutral",0.972760241994866,0.956528290083586,"Neutral","Neutral",FALSE,FALSE
"PYGL",0.971015426353733,"chr14",50857891,50944483,"Neutral",0.974737648055827,0.959273938859701,"Neutral","Neutral",FALSE,FALSE
"GNG2",0.972999546682425,"chr14",51826195,51979342,"Neutral",0.976554230267757,0.961786546436114,"Neutral","Neutral",FALSE,FALSE
"ERO1A",0.975161015139867,"chr14",52639915,52695900,"Neutral",0.978480158511688,0.96469100998966,"Neutral","Neutral",FALSE,FALSE
"FERMT2",0.97720173444972,"chr14",52857268,52952435,"Neutral",0.980387053305672,0.967153869355971,"Neutral","Neutral",FALSE,FALSE
"CDKN3",0.97921167553955,"chr14",54396849,54420218,"Neutral",0.982248583040339,0.96963196366452,"Neutral","Neutral",FALSE,FALSE
"LGALS3",0.981061301679821,"chr14",55124110,55145423,"Neutral",0.983963128244316,0.971907693151424,"Neutral","Neutral",FALSE,FALSE
"DLGAP5",0.982653423626474,"chr14",55148112,55191608,"Neutral",0.985563530928175,0.973473694092905,"Neutral","Neutral",FALSE,FALSE
"DAAM1",0.984068403745257,"chr14",59188646,59371405,"Neutral",0.986973430977226,0.974904698935625,"Neutral","Neutral",FALSE,FALSE
"SIX4",0.985256381476882,"chr14",60709539,60724351,"Neutral",0.988146215683018,0.976140602002465,"Neutral","Neutral",FALSE,FALSE
"TMEM30B",0.986454116619728,"chr14",61277370,61281761,"Neutral",0.989365639138135,0.977269922884241,"Neutral","Neutral",FALSE,FALSE
"SNAPC1",0.987546037680613,"chr14",61762420,61796428,"Neutral",0.990479679245,0.978292070964755,"Neutral","Neutral",FALSE,FALSE
"HSPA2",0.988651007698578,"chr14",64535905,64546173,"Neutral",0.991633801766499,0.97924199285509,"Neutral","Neutral",FALSE,FALSE
"ZFP36L1",0.989665576275941,"chr14",68787660,68796253,"Neutral",0.992737127683041,0.979976582626409,"Neutral","Neutral",FALSE,FALSE
"ACTN1",0.990817656107486,"chr14",68874128,68979440,"Neutral",0.993906840955953,0.981073039002971,"Neutral","Neutral",FALSE,FALSE
"TTC9",0.99183428030263,"chr14",70641916,70675366,"Neutral",0.994921455035745,0.982096003966113,"Neutral","Neutral",FALSE,FALSE
"NPC2",0.992760993079565,"chr14",74476192,74494177,"Neutral",0.995873031316273,0.982944286563479,"Neutral","Neutral",FALSE,FALSE
"LTBP2",0.993646501247564,"chr14",74498183,74612378,"Neutral",0.996743137816354,0.98387837821353,"Neutral","Neutral",FALSE,FALSE
"FOS",0.994575485852689,"chr14",75278826,75282230,"Neutral",0.997690205346602,0.984750321498661,"Neutral","Neutral",FALSE,FALSE
"JDP2",0.995585136602899,"chr14",75427716,75474111,"Neutral",0.998566022994272,0.986182139391383,"Neutral","Neutral",FALSE,FALSE
"BATF",0.996524492588691,"chr14",75522455,75546993,"Neutral",0.999392441599351,0.987477748429621,"Neutral","Neutral",FALSE,FALSE
"VASH1",0.997613926729575,"chr14",76761468,76783015,"Neutral",1.00034722317851,0.988991934639594,"Neutral","Neutral",FALSE,FALSE
"STON2",0.998713013105549,"chr14",81260652,81436465,"Neutral",1.0013902134201,0.990267972340062,"Neutral","Neutral",FALSE,FALSE
"GALC",0.99971072882307,"chr14",87837820,87993665,"Neutral",1.00229977173462,0.991543774407019,"Neutral","Neutral",FALSE,FALSE
"GPR65",1.0008797996401,"chr14",88005135,88014811,"Neutral",1.00343643515702,0.992815072079191,"Neutral","Neutral",FALSE,FALSE
"RIN3",1.00223211066422,"chr14",92513781,92688994,"Neutral",1.00480025520142,0.994131078705395,"Neutral","Neutral",FALSE,FALSE
"LGMN",1.00377057821368,"chr14",92703807,92748679,"Neutral",1.00636448742602,0.995588273392813,"Neutral","Neutral",FALSE,FALSE
"IFI27",1.00550016386398,"chr14",94104836,94116695,"Neutral",1.00815872863415,0.997113907617202,"Neutral","Neutral",FALSE,FALSE
"SERPINA1",1.00666408302471,"chr14",94376747,94390693,"Neutral",1.00930655593889,0.998328587409924,"Neutral","Neutral",FALSE,FALSE
"SERPINA5",1.00809535699906,"chr14",94561442,94593118,"Neutral",1.01076454997077,0.999675574835413,"Neutral","Neutral",FALSE,FALSE
"CLMN",1.00962223028291,"chr14",95181940,95319908,"Neutral",1.01231240154501,1.00113627357245,"Neutral","Neutral",FALSE,FALSE
"VRK1",1.01114284352098,"chr14",96797304,96954846,"Neutral",1.01387875128746,1.00251261421282,"Neutral","Neutral",FALSE,FALSE
"BCL11B",1.01276580040191,"chr14",99169287,99272197,"Neutral",1.01554917290359,1.00398584691301,"Neutral","Neutral",FALSE,FALSE
"CCDC85C",1.01469865211158,"chr14",99500190,99604207,"Neutral",1.01757690563702,1.00561940308282,"Neutral","Neutral",FALSE,FALSE
"SLC25A29",1.01672699485049,"chr14",100291116,100306547,"Neutral",1.01965928521927,1.00747729038647,"Neutral","Neutral",FALSE,FALSE
"HSP90AA1",1.01865885600156,"chr14",102080742,102139699,"Neutral",1.02165049932927,1.00922192678825,"Neutral","Neutral",FALSE,FALSE
"AMN",1.02048108988477,"chr14",102922663,102933596,"Neutral",1.02345080056824,1.01111334566059,"Neutral","Neutral",FALSE,FALSE
"TNFAIP2",1.02240204731306,"chr14",103121476,103137439,"Neutral",1.02543775034834,1.01282613484008,"Neutral","Neutral",FALSE,FALSE
"CKB",1.02388426392717,"chr14",103519667,103522833,"Neutral",1.0267961038928,1.01469906882666,"Neutral","Neutral",FALSE,FALSE
"PLD4",1.02463731030188,"chr14",104924713,104937761,"Neutral",1.02738284887637,1.01597670128478,"Neutral","Neutral",FALSE,FALSE
"AHNAK2",1.02550203557672,"chr14",104937244,104978374,"Neutral",1.02810908452638,1.01727828237537,"Neutral","Neutral",FALSE,FALSE
"CDCA4",1.02618718805676,"chr14",105009573,105021083,"Neutral",1.02864763307134,1.01842588669414,"Neutral","Neutral",FALSE,FALSE
"CRIP2",1.02685855593673,"chr14",105472962,105480162,"Neutral",1.02915020198098,1.01962971909603,"Neutral","Neutral",FALSE,FALSE
"CRIP1",1.02693742447509,"chr14",105486317,105488947,"Neutral",1.02904583218909,1.02028660010527,"Neutral","Neutral",FALSE,FALSE
"IGHA2",1.02670995116152,"chr14",105583731,105588395,"Neutral",1.02866545336515,1.02054145650802,"Neutral","Neutral",FALSE,FALSE
"IGHG4",1.02647390328363,"chr14",105620506,105626066,"Neutral",1.02828482105592,1.02076149008585,"Neutral","Neutral",FALSE,FALSE
"IGHG2",1.02624262188411,"chr14",105639559,105644790,"Neutral",1.0279020531504,1.02100806225287,"Neutral","Neutral",FALSE,FALSE
"IGHGP",1.02593320478101,"chr14",105664633,105669843,"Neutral",1.02741593149824,1.02125604726573,"Neutral","Neutral",FALSE,FALSE
"IGHA1",1.02568298976324,"chr14",105703995,105708665,"Neutral",1.02701355769806,1.02148580646333,"Neutral","Neutral",FALSE,FALSE
"IGHG1",1.02578365654092,"chr14",105736343,105743071,"Neutral",1.02694747376634,1.02211247666737,"Neutral","Neutral",FALSE,FALSE
"IGHG3",1.02606139192806,"chr14",105764503,105771405,"Neutral",1.02708404205963,1.02283551375864,"Neutral","Neutral",FALSE,FALSE
"IGHM",1.02641864043178,"chr14",105851705,105856218,"Neutral",1.02729459459974,1.02365550439865,"Neutral","Neutral",FALSE,FALSE
"CYFIP1",0.984504198203404,"chr15",22867052,22981063,"Neutral",0.984331061220355,0.985050346682437,"Neutral","Neutral",FALSE,FALSE
"TJP1",0.984675571763399,"chr15",29699367,29968915,"Neutral",0.98446738913439,0.985332269276504,"Neutral","Neutral",FALSE,FALSE
"ARHGAP11A",0.984673125147377,"chr15",32615144,32639941,"Neutral",0.984411028607163,0.985499890314919,"Neutral","Neutral",FALSE,FALSE
"SCG5",0.984763099214097,"chr15",32641676,32697098,"Neutral",0.984419383556913,0.98584732616599,"Neutral","Neutral",FALSE,FALSE
"FMN1",0.984689380247548,"chr15",32765544,33194714,"Neutral",0.984327628092973,0.985830502066407,"Neutral","Neutral",FALSE,FALSE
"MEIS2",0.984687823000839,"chr15",36889204,37101299,"Neutral",0.984277148786698,0.985983266027982,"Neutral","Neutral",FALSE,FALSE
"SPRED1",0.984502140892585,"chr15",38252836,38357249,"Neutral",0.984051940209162,0.985922267396937,"Neutral","Neutral",FALSE,FALSE
"RASGRP1",0.984588166751032,"chr15",38488103,38565575,"Neutral",0.984053044498535,0.986276172393454,"Neutral","Neutral",FALSE,FALSE
"THBS1",0.985093399716921,"chr15",39581079,39599466,"Neutral",0.984506299695734,0.986945365587906,"Neutral","Neutral",FALSE,FALSE
"BUB1B",0.985707315033624,"chr15",40161023,40221123,"Neutral",0.985053550229019,0.987769570291819,"Neutral","Neutral",FALSE,FALSE
"KNSTRN",0.986173819162902,"chr15",40382721,40394288,"Neutral",0.985484324393697,0.988348782090358,"Neutral","Neutral",FALSE,FALSE
"KNL1",0.986625460929751,"chr15",40594020,40664342,"Neutral",0.985919515914039,0.988852315006926,"Neutral","Neutral",FALSE,FALSE
"GCHFR",0.986978247952503,"chr15",40764068,40767708,"Neutral",0.986234634164986,0.989323925530389,"Neutral","Neutral",FALSE,FALSE
"SPINT1-AS1",0.987416362383561,"chr15",40835808,40844442,"Neutral",0.986647497047034,0.98984169420309,"Neutral","Neutral",FALSE,FALSE
"SPINT1",0.987561606598553,"chr15",40844018,40858207,"Neutral",0.986770384450928,0.990057461411855,"Neutral","Neutral",FALSE,FALSE
"NUSAP1",0.987518305194323,"chr15",41320794,41381050,"Neutral",0.98669435745455,0.990117390594543,"Neutral","Neutral",FALSE,FALSE
"EHD4",0.987425525028757,"chr15",41895933,41972557,"Neutral",0.986614666448495,0.989983321592628,"Neutral","Neutral",FALSE,FALSE
"SERF2",0.987397911758674,"chr15",43777087,43804427,"Neutral",0.986568387708412,0.990014587239522,"Neutral","Neutral",FALSE,FALSE
"B2M",0.987278426951966,"chr15",44711358,44718851,"Neutral",0.986394008011659,0.990068264516251,"Neutral","Neutral",FALSE,FALSE
"SQOR",0.98844491205229,"chr15",45631148,45691281,"Neutral",0.987580435348345,0.991171843229588,"Neutral","Neutral",FALSE,FALSE
"MYEF2",0.989749698248286,"chr15",48134632,48178353,"Neutral",0.988809665203571,0.992714966607313,"Neutral","Neutral",FALSE,FALSE
"DUT",0.990897589214464,"chr15",48331011,48343373,"Neutral",0.989983972842221,0.993779528031542,"Neutral","Neutral",FALSE,FALSE
"DMXL2",0.991837229381529,"chr15",51447711,51622833,"Neutral",0.990908808545575,0.994765867841841,"Neutral","Neutral",FALSE,FALSE
"MYO5C",0.992890257499318,"chr15",52192322,52295804,"Neutral",0.991917645586083,0.99595829361586,"Neutral","Neutral",FALSE,FALSE
"MYO5A",0.993746267571932,"chr15",52307281,52529132,"Neutral",0.992776571216215,0.996805106766615,"Neutral","Neutral",FALSE,FALSE
"MNS1",0.994687326902998,"chr15",56421544,56465137,"Neutral",0.993734588838418,0.997692672356782,"Neutral","Neutral",FALSE,FALSE
"CCNB2",0.995639496941236,"chr15",59105126,59125045,"Neutral",0.994699315738151,0.998605232655457,"Neutral","Neutral",FALSE,FALSE
"MYO1E",0.996549835863369,"chr15",59132434,59372871,"Neutral",0.995645677363646,0.999401940484422,"Neutral","Neutral",FALSE,FALSE
"ANXA2",0.997413724562469,"chr15",60347134,60402883,"Neutral",0.996510616903021,1.00026251438152,"Neutral","Neutral",FALSE,FALSE
"RORA",0.998077137391452,"chr15",60488284,61229302,"Neutral",0.997219666375255,1.00078196961773,"Neutral","Neutral",FALSE,FALSE
"TPM1",0.998830612902537,"chr15",63042620,63071915,"Neutral",0.998070143089379,1.00122946163198,"Neutral","Neutral",FALSE,FALSE
"LACTB",0.999426035869138,"chr15",63121833,63142061,"Neutral",0.998740298139579,1.00158914747834,"Neutral","Neutral",FALSE,FALSE
"PCLAF",1.00002466758071,"chr15",64364304,64387687,"Neutral",0.999465730350634,1.00178779590086,"Neutral","Neutral",FALSE,FALSE
"PLEKHO2",1.0005763032729,"chr15",64841883,64868002,"Neutral",1.00012714598542,1.00199313845786,"Neutral","Neutral",FALSE,FALSE
"KIF23",1.00125977166531,"chr15",69414246,69448427,"Neutral",1.0009146199767,1.0023485284777,"Neutral","Neutral",FALSE,FALSE
"RPLP1",1.00201048395487,"chr15",69452814,69456205,"Neutral",1.00176888080101,1.00277260417141,"Neutral","Neutral",FALSE,FALSE
"TLE3",1.00262260666664,"chr15",70047790,70098176,"Neutral",1.00248789918344,1.00304753198167,"Neutral","Neutral",FALSE,FALSE
"UACA",1.00334362223745,"chr15",70654554,70763558,"Neutral",1.00334517690755,1.00333871813958,"Neutral","Neutral",FALSE,FALSE
"LARP6",1.00387280927453,"chr15",70829130,70854157,"Neutral",1.00396705287855,1.00357552443052,"Neutral","Neutral",FALSE,FALSE
"THSD4",1.00435807340225,"chr15",71096952,71783383,"Neutral",1.00455543700144,1.00373550376048,"Neutral","Neutral",FALSE,FALSE
"NEO1",1.00461071638459,"chr15",73051710,73305205,"Neutral",1.00481792657521,1.00395708636023,"Neutral","Neutral",FALSE,FALSE
"CD276",1.00482887739169,"chr15",73683966,73714514,"Neutral",1.00504533418841,1.00414607959642,"Neutral","Neutral",FALSE,FALSE
"RPP25",1.00504435851893,"chr15",74954418,74956772,"Neutral",1.00529501395867,1.00425368350101,"Neutral","Neutral",FALSE,FALSE
"PSTPIP1",1.00528712036148,"chr15",76993359,77037475,"Neutral",1.00556986855132,1.00439521101251,"Neutral","Neutral",FALSE,FALSE
"DNAJA4",1.00568513718662,"chr15",78264086,78282196,"Neutral",1.00599571321864,1.00470544685978,"Neutral","Neutral",FALSE,FALSE
"CRABP1",1.00612333545746,"chr15",78340353,78348225,"Neutral",1.00649814640783,1.00494102058244,"Neutral","Neutral",FALSE,FALSE
"BCL2A1",1.00646326352155,"chr15",79960892,79971196,"Neutral",1.00686098455823,1.00520868038493,"Neutral","Neutral",FALSE,FALSE
"HOMER2",1.00704364111449,"chr15",82836946,82986153,"Neutral",1.00745874207989,1.00573423421076,"Neutral","Neutral",FALSE,FALSE
"HDGFL3",1.00750166561074,"chr15",83112738,83207823,"Neutral",1.00792851436538,1.00615520112917,"Neutral","Neutral",FALSE,FALSE
"NMB",1.00794801904738,"chr15",84655129,84658563,"Neutral",1.00839248226983,1.00654599096157,"Neutral","Neutral",FALSE,FALSE
"ISG20",1.00839356546368,"chr15",88635670,88656483,"Neutral",1.00882861032311,1.00702124694392,"Neutral","Neutral",FALSE,FALSE
"HAPLN3",1.0093802550542,"chr15",88877294,88895597,"Neutral",1.00986072204112,1.00786465561662,"Neutral","Neutral",FALSE,FALSE
"MFGE8",1.01034568882664,"chr15",88898683,88913468,"Neutral",1.01088075987542,1.00865784470278,"Neutral","Neutral",FALSE,FALSE
"FANCI",1.01126237688145,"chr15",89243945,89317261,"Neutral",1.01191789563556,1.00919458891246,"Neutral","Neutral",FALSE,FALSE
"MESP1",1.01223440947221,"chr15",89749875,89751249,"Neutral",1.01299468418937,1.00983617615942,"Neutral","Neutral",FALSE,FALSE
"ANPEP",1.01320073209087,"chr15",89784895,89815401,"Neutral",1.01404026707318,1.01055247782646,"Neutral","Neutral",FALSE,FALSE
"FES",1.01433768689309,"chr15",90883695,90895776,"Neutral",1.01522833349989,1.0115282045913,"Neutral","Neutral",FALSE,FALSE
"SLCO3A1",1.0156387393332,"chr15",91853708,92172435,"Neutral",1.0166192868902,1.01254567078455,"Neutral","Neutral",FALSE,FALSE
"NR2F2",1.01682394315547,"chr15",96325938,96340263,"Neutral",1.01792333684857,1.01335598279963,"Neutral","Neutral",FALSE,FALSE
"IGF1R",1.0176966818383,"chr15",98648539,98964530,"Neutral",1.01884112895184,1.01408660362514,"Neutral","Neutral",FALSE,FALSE
"SNRNP25",1.11912264845925,"chr16",53828,57669,"Gain",1.11159467921758,1.14286909984788,"Gain","Gain",TRUE,FALSE
"NME4",1.11603149312759,"chr16",396725,410367,"Gain",1.10863266890727,1.13937056559726,"Gain","Gain",TRUE,FALSE
"MCRIP2",1.11297778859967,"chr16",636817,648474,"Gain",1.10566135208718,1.13605697481902,"Gain","Gain",TRUE,FALSE
"METRN",1.10978169826384,"chr16",715118,719655,"Gain",1.10259099598178,1.13246426466513,"Gain","Gain",TRUE,FALSE
"HAGHL",1.10626132513715,"chr16",726936,735525,"Gain",1.09925064016326,1.12837603955601,"Gain","Gain",TRUE,FALSE
"MSLN",1.10302118390949,"chr16",760734,768865,"Gain",1.09620933762633,1.12450867561373,"Gain","Gain",TRUE,FALSE
"JPT2",1.09848697656486,"chr16",1678256,1702280,"Gain",1.09185794342156,1.11939779703154,"Gain","Gain",TRUE,FALSE
"RPS2",1.09403657103508,"chr16",1962058,1964841,"Gain",1.08759769171092,1.11434756460586,"Gain","Gain",TRUE,FALSE
"NPW",1.08955034037095,"chr16",2009926,2020755,"Gain",1.08327448661976,1.10934708119715,"Gain","Gain",TRUE,FALSE
"NTHL1",1.08549762982298,"chr16",2039815,2047866,"Gain",1.07941125945167,1.10469665860693,"Gain","Gain",TRUE,FALSE
"SNHG19",1.08148402904359,"chr16",2154792,2155405,"Gain",1.07563903512819,1.09992165271385,"Gain","Gain",TRUE,FALSE
"PRSS21",1.07754002856809,"chr16",2817180,2826304,"Gain",1.07185922959068,1.09545971081376,"Gain","Gain",TRUE,FALSE
"PRSS22",1.07380467087438,"chr16",2852730,2858170,"Gain",1.06829159292665,1.09119528888632,"Gain","Gain",TRUE,FALSE
"PAQR4",1.07015689026932,"chr16",2969270,2973484,"Gain",1.06483632291525,1.08694024710534,"Gain","Gain",TRUE,FALSE
"CLDN9",1.06690104051862,"chr16",3012923,3014505,"Gain",1.0618109565992,1.08295735351305,"Gain","Gain",TRUE,FALSE
"CLDN6",1.06371932988155,"chr16",3014712,3020071,"Gain",1.05890341610121,1.07891079238695,"Gain","Gain",TRUE,FALSE
"TNFRSF12A",1.06053752459838,"chr16",3018445,3022383,"Gain",1.05603077861487,1.07475373895613,"Gain","Gain",TRUE,FALSE
"BICDL2",1.05689923943592,"chr16",3027682,3036944,"Gain",1.05282460516325,1.06975238768563,"Gain","Gain",TRUE,FALSE
"IL32",1.053377505508,"chr16",3065297,3082192,"Gain",1.04979259963753,1.06468583983471,"Neutral","Gain",FALSE,TRUE
"TRAP1",1.05063460100224,"chr16",3651639,3717553,"Gain",1.04744180242035,1.06070606036724,"Neutral","Gain",FALSE,TRUE
"VASN",1.04798680558547,"chr16",4371848,4383538,"Neutral",1.04522205094765,1.05670803032763,"Neutral","Gain",FALSE,TRUE
"SMIM22",1.04535174123169,"chr16",4788397,4796491,"Neutral",1.0429832141862,1.05282309380273,"Neutral","Gain",FALSE,TRUE
"PPL",1.04219597414751,"chr16",4882507,4960741,"Neutral",1.04029298144897,1.04819883124724,"Neutral","Neutral",FALSE,FALSE
"EMP2",1.03896551150894,"chr16",10528422,10580632,"Neutral",1.03744838214433,1.04375118976432,"Neutral","Neutral",FALSE,FALSE
"CIITA",1.03570882312965,"chr16",10866222,10943021,"Neutral",1.03452830837619,1.03943267418516,"Neutral","Neutral",FALSE,FALSE
"SOCS1",1.03284903534136,"chr16",11254417,11256204,"Neutral",1.03198006884266,1.03559012926155,"Neutral","Neutral",FALSE,FALSE
"LITAF",1.03056731822487,"chr16",11547722,11636381,"Neutral",1.02996123692987,1.0324791591938,"Neutral","Neutral",FALSE,FALSE
"SNN",1.02855593505372,"chr16",11668455,11679152,"Neutral",1.02816917450237,1.02977594410753,"Neutral","Neutral",FALSE,FALSE
"RPS15A",1.02685678972615,"chr16",18781295,18790383,"Neutral",1.02668891454567,1.02738634021777,"Neutral","Neutral",FALSE,FALSE
"ARL6IP1",1.02521339806561,"chr16",18791669,18801572,"Neutral",1.02520334700512,1.02524510343152,"Neutral","Neutral",FALSE,FALSE
"TMC5",1.02376454147133,"chr16",19410496,19499113,"Neutral",1.02390965244974,1.02330679905976,"Neutral","Neutral",FALSE,FALSE
"GPRC5B",1.02224264413826,"chr16",19856691,19886167,"Neutral",1.02254074897396,1.02130229332619,"Neutral","Neutral",FALSE,FALSE
"ACSM3",1.02082421827241,"chr16",20610243,20797581,"Neutral",1.0211947292245,1.01965546744066,"Neutral","Neutral",FALSE,FALSE
"IGSF6",1.01956525954203,"chr16",21639550,21652608,"Neutral",1.01997716624368,1.01826592871941,"Neutral","Neutral",FALSE,FALSE
"PLK1",1.01832613916585,"chr16",23677656,23690367,"Neutral",1.01876247014972,1.01694976365673,"Neutral","Neutral",FALSE,FALSE
"PRKCB",1.01707309534256,"chr16",23835983,24220611,"Neutral",1.01746752733767,1.01582888725702,"Neutral","Neutral",FALSE,FALSE
"NUPR1",1.01604061690812,"chr16",28532708,28539008,"Neutral",1.01639293733652,1.01492924680849,"Neutral","Neutral",FALSE,FALSE
"LAT",1.01482483472594,"chr16",28984826,28990784,"Neutral",1.01511338975282,1.01391460811652,"Neutral","Neutral",FALSE,FALSE
"SPN",1.01379478793825,"chr16",29662979,29670876,"Neutral",1.01405487982227,1.0129743463182,"Neutral","Neutral",FALSE,FALSE
"QPRT",1.01287845373735,"chr16",29663279,29698699,"Neutral",1.01312717925864,1.01209386651193,"Neutral","Neutral",FALSE,FALSE
"KIF22",1.01188302591725,"chr16",29790727,29805385,"Neutral",1.01205329502814,1.01134592393995,"Neutral","Neutral",FALSE,FALSE
"SEZ6L2",1.01077987300331,"chr16",29871159,29899550,"Neutral",1.0108914569471,1.01042788927277,"Neutral","Neutral",FALSE,FALSE
"ASPHD1",1.00961561619547,"chr16",29900375,29919864,"Neutral",1.0096592128192,1.00947809370131,"Neutral","Neutral",FALSE,FALSE
"HIRIP3",1.00835522029453,"chr16",29992330,29996074,"Neutral",1.0082837110403,1.00858079122538,"Neutral","Neutral",FALSE,FALSE
"DCTPP1",1.00712151794617,"chr16",30423615,30430030,"Neutral",1.0068966761583,1.00783076560835,"Neutral","Neutral",FALSE,FALSE
"ITGAL",1.00568964166067,"chr16",30472658,30523567,"Neutral",1.00532295713288,1.00684632230515,"Neutral","Neutral",FALSE,FALSE
"HSD3B7",1.00450537442083,"chr16",30985207,30989147,"Neutral",1.00413457580274,1.00567503267482,"Neutral","Neutral",FALSE,FALSE
"PRSS8",1.00323244655452,"chr16",31131433,31135727,"Neutral",1.00287426220548,1.00436231398087,"Neutral","Neutral",FALSE,FALSE
"PYCARD",1.00175413119966,"chr16",31201486,31203450,"Neutral",1.00135138545601,1.00302456442232,"Neutral","Neutral",FALSE,FALSE
"ITGAM",1.000399557166,"chr16",31259967,31332892,"Neutral",1.00005479142581,1.00148709653112,"Neutral","Neutral",FALSE,FALSE
"ITGAX",0.999074786025507,"chr16",31355134,31382999,"Neutral",0.998769693407891,1.00003717930591,"Neutral","Neutral",FALSE,FALSE
"ORC6",0.997951290873566,"chr16",46689643,46698394,"Neutral",0.997690118769765,0.99877513997123,"Neutral","Neutral",FALSE,FALSE
"GPT2",0.996682405311683,"chr16",46884362,46931289,"Neutral",0.996473101097024,0.997342640788115,"Neutral","Neutral",FALSE,FALSE
"ADCY7",0.995297831976193,"chr16",50246137,50318135,"Neutral",0.995176507330421,0.995680542068465,"Neutral","Neutral",FALSE,FALSE
"IRX3",0.994190624823162,"chr16",54283304,54286787,"Neutral",0.994163881950326,0.994274983341299,"Neutral","Neutral",FALSE,FALSE
"CRNDE",0.993034498545805,"chr16",54845189,54929189,"Neutral",0.993132778771978,0.992724480460134,"Neutral","Neutral",FALSE,FALSE
"MMP2",0.991781701022007,"chr16",55389700,55506691,"Neutral",0.991975617655767,0.991170004591112,"Neutral","Neutral",FALSE,FALSE
"LPCAT2",0.990872576681118,"chr16",55509072,55586666,"Neutral",0.991114343732344,0.990109939461835,"Neutral","Neutral",FALSE,FALSE
"MT2A",0.990135325396653,"chr16",56608584,56609497,"Neutral",0.990492361528725,0.989009079940268,"Neutral","Neutral",FALSE,FALSE
"MT1E",0.989517587859695,"chr16",56625475,56627112,"Neutral",0.989934797390116,0.988201529635365,"Neutral","Neutral",FALSE,FALSE
"MT1M",0.988616024674693,"chr16",56632659,56633981,"Neutral",0.989082770256158,0.987143708448989,"Neutral","Neutral",FALSE,FALSE
"MT1F",0.987590821241118,"chr16",56657731,56660698,"Neutral",0.988057335453836,0.98611923485191,"Neutral","Neutral",FALSE,FALSE
"MT1G",0.986479200677967,"chr16",56666730,56668065,"Neutral",0.986953323821941,0.984983612448374,"Neutral","Neutral",FALSE,FALSE
"MT1H",0.985086352576915,"chr16",56669814,56671129,"Neutral",0.985588454031942,0.983502508725912,"Neutral","Neutral",FALSE,FALSE
"MT1X",0.983520401912735,"chr16",56682470,56684196,"Neutral",0.984083837294742,0.981743084487552,"Neutral","Neutral",FALSE,FALSE
"HERPUD1",0.981737184907934,"chr16",56932142,56944864,"Neutral",0.982319140160761,0.97990144784818,"Neutral","Neutral",FALSE,FALSE
"PLLP",0.980455501844481,"chr16",57248547,57284672,"Neutral",0.981043409823954,0.978600987325712,"Neutral","Neutral",FALSE,FALSE
"ADGRG1",0.979123695818567,"chr16",57610652,57665580,"Neutral",0.979697746391267,0.977312893518288,"Neutral","Neutral",FALSE,FALSE
"MMP15",0.977833446669034,"chr16",58025754,58046901,"Neutral",0.978346671134221,0.97621451606202,"Neutral","Neutral",FALSE,FALSE
"CKLF",0.976598368000329,"chr16",66552563,66566251,"Neutral",0.977010299787094,0.97529895804848,"Neutral","Neutral",FALSE,FALSE
"RRAD",0.975322211673247,"chr16",66921685,66925535,"Neutral",0.975622913445761,0.974373669005996,"Neutral","Neutral",FALSE,FALSE
"TPPP3",0.97405771126918,"chr16",67389809,67393518,"Neutral",0.974272628194647,0.973379770889863,"Neutral","Neutral",FALSE,FALSE
"DPEP3",0.972778863220415,"chr16",67975663,67980549,"Neutral",0.972938795787626,0.972274367145735,"Neutral","Neutral",FALSE,FALSE
"PLA2G15",0.971712323344684,"chr16",68245304,68261058,"Neutral",0.971782540762138,0.971490827422389,"Neutral","Neutral",FALSE,FALSE
"CDH3",0.97084780724622,"chr16",68636189,68727468,"Neutral",0.970789257930247,0.971032496960136,"Neutral","Neutral",FALSE,FALSE
"CDH1",0.970106820766354,"chr16",68737292,68835537,"Neutral",0.969948935849651,0.970604857671016,"Neutral","Neutral",FALSE,FALSE
"NQO1",0.969030165029945,"chr16",69706996,69726668,"Neutral",0.968797434719998,0.96976429648219,"Neutral","Neutral",FALSE,FALSE
"MARVELD3",0.967558759505329,"chr16",71626161,71642114,"Neutral",0.967194907502746,0.968706505147565,"Neutral","Neutral",FALSE,FALSE
"HP",0.965788332229127,"chr16",72054505,72061055,"Neutral",0.965278587458669,0.967396286382993,"Neutral","Neutral",FALSE,FALSE
"ZFHX3",0.963758447753009,"chr16",72782885,73891871,"Neutral",0.963099749045028,0.96583626666362,"Neutral","Neutral",FALSE,FALSE
"BCAR1",0.961602893782829,"chr16",75228181,75268053,"Neutral",0.96082739499634,0.964049150355372,"Neutral","Neutral",FALSE,FALSE
"MAF",0.959303101718503,"chr16",79585843,79600737,"Neutral",0.95837291374235,0.962237314498726,"Neutral","Neutral",FALSE,FALSE
"GCSH",0.957315915696189,"chr16",81081945,81096395,"Neutral",0.956274191688009,0.96060196107264,"Neutral","Neutral",FALSE,FALSE
"PLCG2",0.955090233627319,"chr16",81779279,81962685,"Neutral",0.953931536171143,0.958745263547594,"Neutral","Neutral",FALSE,FALSE
"COTL1",0.952749768476352,"chr16",84565596,84618078,"Neutral",0.951464135279309,0.956805208295133,"Neutral","Neutral",FALSE,FALSE
"IRF8",0.951144135726247,"chr16",85899116,85922606,"Neutral",0.949837728531446,0.955265105665042,"Loss","Neutral",FALSE,TRUE
"SLC7A5",0.949758259938068,"chr16",87830023,87869507,"Loss",0.94832160312177,0.954290093179569,"Loss","Neutral",FALSE,TRUE
"CYBA",0.948061732404772,"chr16",88643275,88651083,"Loss",0.946543712268676,0.952850220536374,"Loss","Neutral",FALSE,TRUE
"CDT1",0.947245731903451,"chr16",88803789,88809258,"Loss",0.945679362311416,0.952186735005326,"Loss","Neutral",FALSE,TRUE
"RPL13",0.946185957585609,"chr16",89560677,89564542,"Loss",0.944595350850918,0.951203415055376,"Loss","Neutral",FALSE,TRUE
"FANCA",0.94489511695082,"chr16",89726683,89816977,"Loss",0.943241095057309,0.950112613094746,"Loss","Neutral",FALSE,TRUE
"NXN",0.919106907571796,"chr17",799310,979776,"Loss",0.918574941566397,0.920784957053946,"Loss","Loss",TRUE,FALSE
"ABR",0.917774537654789,"chr17",1003519,1229738,"Loss",0.917408792108705,0.918928256347294,"Loss","Loss",TRUE,FALSE
"SLC43A2",0.916556015202764,"chr17",1569268,1628886,"Loss",0.916337475474595,0.91724538345931,"Loss","Loss",TRUE,FALSE
"TLCD2",0.915566409208479,"chr17",1702816,1710377,"Loss",0.915502128995485,0.915769176635403,"Loss","Loss",TRUE,FALSE
"MIR22HG",0.914594465815904,"chr17",1711447,1717174,"Loss",0.914620437050416,0.914512541376784,"Loss","Loss",TRUE,FALSE
"SERPINF1",0.914831682710043,"chr17",1762029,1777565,"Loss",0.914903820006213,0.914604130664889,"Loss","Loss",TRUE,FALSE
"CYB5D2",0.915195773734276,"chr17",4143168,4187310,"Loss",0.915314523999303,0.914821184345646,"Loss","Loss",TRUE,FALSE
"GGT6",0.915448786316713,"chr17",4556927,4560818,"Loss",0.915576617750756,0.915045551016858,"Loss","Loss",TRUE,FALSE
"ARRB2",0.915851872802248,"chr17",4710596,4721499,"Loss",0.915956738114197,0.915521082525002,"Loss","Loss",TRUE,FALSE
"CXCL16",0.91641571106102,"chr17",4733533,4739928,"Loss",0.916461654857334,0.916270784575437,"Loss","Loss",TRUE,FALSE
"VMO1",0.917261897121307,"chr17",4785285,4786433,"Loss",0.917306887084964,0.917119979433991,"Loss","Loss",TRUE,FALSE
"PFN1",0.918210137410631,"chr17",4945652,4949061,"Loss",0.918224226911277,0.91816569306828,"Loss","Loss",TRUE,FALSE
"SCIMP",0.919490593958402,"chr17",5208920,5234860,"Loss",0.919494777016508,0.919477398794767,"Loss","Loss",TRUE,FALSE
"CLEC10A",0.920941732776298,"chr17",7074537,7080307,"Loss",0.920961069918062,0.920880735117812,"Loss","Loss",TRUE,FALSE
"CLDN7",0.922390131636661,"chr17",7259903,7263983,"Loss",0.922435180720603,0.922248027458547,"Loss","Loss",TRUE,FALSE
"CD68",0.92263988852321,"chr17",7579491,7582111,"Loss",0.922770349959739,0.922228357064834,"Loss","Loss",TRUE,FALSE
"KDM6B",0.923494385822326,"chr17",7834217,7854796,"Loss",0.923710583536467,0.922812405284895,"Loss","Loss",TRUE,FALSE
"PER1",0.924404087343141,"chr17",8140472,8156506,"Loss",0.924640841419936,0.923657263200377,"Loss","Loss",TRUE,FALSE
"AURKB",0.925392447481582,"chr17",8204733,8210600,"Loss",0.925688986971094,0.924457034444352,"Loss","Loss",TRUE,FALSE
"RPL26",0.926227527940258,"chr17",8377516,8383213,"Loss",0.926587224392622,0.925092890689956,"Loss","Loss",TRUE,FALSE
"MYH10",0.927272043668067,"chr17",8474207,8631376,"Loss",0.927556057797572,0.926376141001165,"Loss","Loss",TRUE,FALSE
"GAS7",0.928016764592057,"chr17",9910606,10198606,"Loss",0.928258141915959,0.927255356740303,"Loss","Loss",TRUE,FALSE
"PMP22",0.928706133418118,"chr17",15229773,15272292,"Loss",0.928870657960959,0.928187152278133,"Loss","Loss",TRUE,FALSE
"LRRC75A",0.929518272561682,"chr17",16441577,16492193,"Loss",0.929611175840923,0.929225215678278,"Loss","Loss",TRUE,FALSE
"SPECC1",0.930013150245618,"chr17",20008865,20319026,"Loss",0.930046467440171,0.929908053490375,"Loss","Loss",TRUE,FALSE
"LGALS9",0.930452103159135,"chr17",27629798,27649560,"Loss",0.930432765326182,0.930513102997926,"Loss","Loss",TRUE,FALSE
"TMEM97",0.931112453736144,"chr17",28319200,28328685,"Loss",0.9310522254646,0.931302439597741,"Loss","Loss",TRUE,FALSE
"RPL23A",0.931754135301224,"chr17",28719985,28724359,"Loss",0.931669047985612,0.93202253727513,"Loss","Loss",TRUE,FALSE
"TRAF4",0.932728477530498,"chr17",28744011,28750956,"Loss",0.932607130999707,0.933111256657525,"Loss","Loss",TRUE,FALSE
"ATAD5",0.933436757323232,"chr17",30831966,30895869,"Loss",0.933288243133062,0.933905234927776,"Loss","Loss",TRUE,FALSE
"ADAP2",0.934275783377415,"chr17",30906344,30959322,"Loss",0.934055981278814,0.934969133693016,"Loss","Loss",TRUE,FALSE
"EVI2B",0.935392750506806,"chr17",31303770,31314105,"Loss",0.935098353109949,0.93632140646288,"Loss","Loss",TRUE,FALSE
"EVI2A",0.936986103534427,"chr17",31316410,31321749,"Loss",0.936661394196218,0.938010376385138,"Loss","Loss",TRUE,FALSE
"RAB11FIP4",0.938996150000628,"chr17",31391675,31538211,"Loss",0.93856327471507,0.940361624751634,"Loss","Loss",TRUE,FALSE
"TMEM98",0.940987335125838,"chr17",32927910,32945106,"Loss",0.940461693673557,0.942645434248421,"Loss","Loss",TRUE,FALSE
"CCL2",0.942774487549105,"chr17",34255274,34257208,"Loss",0.942176951567608,0.944659372925505,"Loss","Loss",TRUE,FALSE
"CCL8",0.944516047815994,"chr17",34319435,34321402,"Loss",0.943851170101867,0.946613357968448,"Loss","Loss",TRUE,FALSE
"SLFN11",0.946152682899063,"chr17",35350305,35373701,"Loss",0.945439436585365,0.948402568409037,"Loss","Loss",TRUE,FALSE
"SLFN13",0.947855913978042,"chr17",35435096,35448837,"Loss",0.947051511937787,0.950393343838955,"Loss","Neutral",FALSE,TRUE
"CCL5",0.949577077475498,"chr17",35871491,35880793,"Loss",0.948716907457037,0.952290423515264,"Loss","Neutral",FALSE,TRUE
"CCL3",0.952368934632242,"chr17",36088256,36090169,"Neutral",0.951435544869655,0.955313247223379,"Neutral","Neutral",FALSE,FALSE
"CCL4",0.955648470259443,"chr17",36103827,36105621,"Neutral",0.954645614826004,0.958811907440904,"Neutral","Neutral",FALSE,FALSE
"CCL4L2",0.959369863624916,"chr17",36210924,36212878,"Neutral",0.958319501717026,0.962683156650628,"Neutral","Neutral",FALSE,FALSE
"LHX1",0.963226082923252,"chr17",36936785,36944612,"Neutral",0.96220764086838,0.966438687009666,"Neutral","Neutral",FALSE,FALSE
"ARHGAP23",0.966817097640773,"chr17",38419280,38512385,"Neutral",0.965817491414124,0.969970285427129,"Neutral","Neutral",FALSE,FALSE
"RPL19",0.970066973934579,"chr17",39200283,39204840,"Neutral",0.969149067797744,0.972962444513424,"Neutral","Neutral",FALSE,FALSE
"PPP1R1B",0.973159234409011,"chr17",39626740,39636626,"Neutral",0.972213944140608,0.976141086311717,"Neutral","Neutral",FALSE,FALSE
"ERBB2",0.975880214357954,"chr17",39687914,39730426,"Neutral",0.97492528372538,0.978892476113812,"Neutral","Neutral",FALSE,FALSE
"GRB7",0.978123401213812,"chr17",39737927,39747291,"Neutral",0.977151041993428,0.981190640228468,"Neutral","Neutral",FALSE,FALSE
"IKZF3",0.98010321461613,"chr17",39757718,39864312,"Neutral",0.979089710195004,0.983300243282934,"Neutral","Neutral",FALSE,FALSE
"TOP2A",0.982361811819112,"chr17",40388525,40417896,"Neutral",0.981366005088737,0.985503014360752,"Neutral","Neutral",FALSE,FALSE
"IGFBP4",0.984326144016015,"chr17",40443450,40457725,"Neutral",0.983360098149231,0.987373467999198,"Neutral","Neutral",FALSE,FALSE
"CCR7",0.986318410369336,"chr17",40553769,40565472,"Neutral",0.98539030271309,0.989246060926207,"Neutral","Neutral",FALSE,FALSE
"KRT23",0.988341103804346,"chr17",40922700,40937646,"Neutral",0.98745579084766,0.991133761480647,"Neutral","Neutral",FALSE,FALSE
"KRT15",0.990198162102185,"chr17",41513745,41522529,"Neutral",0.989387635586642,0.992754911191174,"Neutral","Neutral",FALSE,FALSE
"KRT19",0.991907946865044,"chr17",41523617,41528308,"Neutral",0.991197934749176,0.994147630324627,"Neutral","Neutral",FALSE,FALSE
"KRT14",0.992914132392718,"chr17",41582279,41586895,"Neutral",0.99225131205626,0.995004952691502,"Neutral","Neutral",FALSE,FALSE
"KRT16",0.993809014632233,"chr17",41609778,41615899,"Neutral",0.993205167735012,0.995713807349994,"Neutral","Neutral",FALSE,FALSE
"KRT17",0.994684201008182,"chr17",41619442,41624842,"Neutral",0.994132957742361,0.996423059257322,"Neutral","Neutral",FALSE,FALSE
"EIF1",0.995433395919389,"chr17",41688885,41692668,"Neutral",0.994895090088747,0.997131443935954,"Neutral","Neutral",FALSE,FALSE
"JUP",0.996336392730699,"chr17",41754604,41786931,"Neutral",0.995882820753289,0.997767153745663,"Neutral","Neutral",FALSE,FALSE
"P3H4",0.997130330521592,"chr17",41801947,41812604,"Neutral",0.996691399217419,0.998514908558898,"Neutral","Neutral",FALSE,FALSE
"FKBP10",0.997906950890745,"chr17",41812680,41823213,"Neutral",0.997494149424544,0.999209104185429,"Neutral","Neutral",FALSE,FALSE
"CAVIN1",0.998558435764353,"chr17",42402449,42423256,"Neutral",0.99818356220408,0.999740948137897,"Neutral","Neutral",FALSE,FALSE
"ATP6V0A1",0.999096861715038,"chr17",42458844,42522582,"Neutral",0.998738132930575,1.00022844652477,"Neutral","Neutral",FALSE,FALSE
"TUBG1",0.999663638581088,"chr17",42609641,42615238,"Neutral",0.999358877630921,1.00062498563977,"Neutral","Neutral",FALSE,FALSE
"VAT1",1.0002475333616,"chr17",43014607,43025123,"Neutral",0.999959025016559,1.00115761271645,"Neutral","Neutral",FALSE,FALSE
"BRCA1",1.00081814656075,"chr17",43044295,43170245,"Neutral",1.00052007599692,1.00175838926462,"Neutral","Neutral",FALSE,FALSE
"TMEM106A",1.00141782545246,"chr17",43211835,43220041,"Neutral",1.00115437711786,1.00224885476064,"Neutral","Neutral",FALSE,FALSE
"ARL4D",1.00204032730262,"chr17",43398993,43401137,"Neutral",1.00181882947952,1.0027390266623,"Neutral","Neutral",FALSE,FALSE
"ETV4",1.00261393207309,"chr17",43527844,43579620,"Neutral",1.00244941045772,1.00313290397858,"Neutral","Neutral",FALSE,FALSE
"DUSP3",1.00311481556879,"chr17",43766125,43778977,"Neutral",1.0029694708211,1.00357329538913,"Neutral","Neutral",FALSE,FALSE
"GRN",1.00369237900256,"chr17",44345246,44353106,"Neutral",1.00355749840898,1.00411785038214,"Neutral","Neutral",FALSE,FALSE
"PLCD3",1.00437024059611,"chr17",45108959,45133354,"Neutral",1.00429999492067,1.00459182565625,"Neutral","Neutral",FALSE,FALSE
"SKAP1",1.00499767195133,"chr17",48133442,48430275,"Neutral",1.00496941551035,1.0050868049141,"Neutral","Neutral",FALSE,FALSE
"HOXB2",1.00573171236903,"chr17",48540894,48545109,"Neutral",1.00575113324972,1.00567045056198,"Neutral","Neutral",FALSE,FALSE
"HOXB3",1.00648981111612,"chr17",48548870,48604912,"Neutral",1.00653903103868,1.00633455031989,"Neutral","Neutral",FALSE,FALSE
"HOXB4",1.00714597369105,"chr17",48575507,48578350,"Neutral",1.00721547839759,1.00692672596539,"Neutral","Neutral",FALSE,FALSE
"HOXB7",1.00775355617558,"chr17",48607232,48633572,"Neutral",1.0078130935292,1.00756574976618,"Neutral","Neutral",FALSE,FALSE
"ABI3",1.00826033334399,"chr17",49210411,49223225,"Neutral",1.00835819075171,1.0079516490095,"Neutral","Neutral",FALSE,FALSE
"ITGA3",1.00890581755514,"chr17",50055968,50090481,"Neutral",1.00903358767601,1.00850277566342,"Neutral","Neutral",FALSE,FALSE
"COL1A1",1.00941038114385,"chr17",50184101,50201632,"Neutral",1.00956903678876,1.0089099130311,"Neutral","Neutral",FALSE,FALSE
"ABCC3",1.00983629326138,"chr17",50634777,50692253,"Neutral",1.01001747649427,1.00926476345112,"Neutral","Neutral",FALSE,FALSE
"TOB1",1.01028275683526,"chr17",50862223,50867978,"Neutral",1.01047816954221,1.00966634114636,"Neutral","Neutral",FALSE,FALSE
"NME1",1.01065563214604,"chr17",51153559,51162428,"Neutral",1.01083295779859,1.01009627080262,"Neutral","Neutral",FALSE,FALSE
"MMD",1.01098992861946,"chr17",55392622,55421924,"Neutral",1.01117836809566,1.01039550949823,"Neutral","Neutral",FALSE,FALSE
"TMEM100",1.01130818441416,"chr17",55719627,55732121,"Neutral",1.01152616374353,1.01062058389636,"Neutral","Neutral",FALSE,FALSE
"SCPEP1",1.0115995936594,"chr17",56978129,57006768,"Neutral",1.01182915219818,1.010875467337,"Neutral","Neutral",FALSE,FALSE
"RNF43",1.0118313909376,"chr17",58353676,58417595,"Neutral",1.01206108162229,1.01110684777023,"Neutral","Neutral",FALSE,FALSE
"SKA2",1.01212857588087,"chr17",59109857,59155260,"Neutral",1.01237836987001,1.01134061824848,"Neutral","Neutral",FALSE,FALSE
"PRR11",1.01240551466557,"chr17",59155732,59206709,"Neutral",1.01265443496594,1.01162031302318,"Neutral","Neutral",FALSE,FALSE
"YPEL2",1.01257936375051,"chr17",59331655,59401729,"Neutral",1.01287363464658,1.01165110683231,"Neutral","Neutral",FALSE,FALSE
"MRC2",1.01263439740845,"chr17",62627670,62693597,"Neutral",1.01294243610779,1.01166271091973,"Neutral","Neutral",FALSE,FALSE
"TANC2",1.01252005508263,"chr17",62966235,63427703,"Neutral",1.01282920206623,1.01154487258887,"Neutral","Neutral",FALSE,FALSE
"CYB561",1.01235366122644,"chr17",63432304,63446354,"Neutral",1.0126635424941,1.01137616248509,"Neutral","Neutral",FALSE,FALSE
"CD79B",1.01215141596769,"chr17",63928738,63932336,"Neutral",1.01245795025567,1.01118447503916,"Neutral","Neutral",FALSE,FALSE
"ICAM2",1.01204649553352,"chr17",64002594,64020634,"Neutral",1.01232782293317,1.01115906796762,"Neutral","Neutral",FALSE,FALSE
"ERN1",1.01193613074966,"chr17",64039080,64130819,"Neutral",1.01223116241315,1.01100547404393,"Neutral","Neutral",FALSE,FALSE
"PECAM1",1.01193628393219,"chr17",64319415,64413776,"Neutral",1.01222434861873,1.01102760406699,"Neutral","Neutral",FALSE,FALSE
"GNA13",1.01209762321336,"chr17",65009289,65056740,"Neutral",1.01239766298476,1.01115116878225,"Neutral","Neutral",FALSE,FALSE
"KPNA2",1.01232024830387,"chr17",68035636,68047364,"Neutral",1.01263383231136,1.0113310695292,"Neutral","Neutral",FALSE,FALSE
"FAM20A",1.01241152257567,"chr17",68535113,68601367,"Neutral",1.01274469611727,1.01136054998855,"Neutral","Neutral",FALSE,FALSE
"SOX9",1.01254061213541,"chr17",72121020,72126416,"Neutral",1.01290858314595,1.01137987337127,"Neutral","Neutral",FALSE,FALSE
"CDC42EP4",1.01258626091873,"chr17",73283624,73312005,"Neutral",1.01296772481691,1.01138295978614,"Neutral","Neutral",FALSE,FALSE
"GPRC5C",1.01252127827691,"chr17",74424851,74451653,"Neutral",1.01291172032612,1.0112896561961,"Neutral","Neutral",FALSE,FALSE
"CD300A",1.01234611060441,"chr17",74466399,74484794,"Neutral",1.01273630023761,1.01111528475223,"Neutral","Neutral",FALSE,FALSE
"CD300E",1.01227871618065,"chr17",74609885,74623738,"Neutral",1.01267102699206,1.01104119922044,"Neutral","Neutral",FALSE,FALSE
"HID1",1.01254469811968,"chr17",74950742,74973166,"Neutral",1.01294220883331,1.01129077843238,"Neutral","Neutral",FALSE,FALSE
"CDR2L",1.0128195842353,"chr17",74987632,75005800,"Neutral",1.01320009355483,1.01161929425417,"Neutral","Neutral",FALSE,FALSE
"SLC25A19",1.0131379590205,"chr17",75272981,75289510,"Neutral",1.01349226587007,1.01202032289451,"Neutral","Neutral",FALSE,FALSE
"LLGL2",1.01355547045648,"chr17",75525080,75575209,"Neutral",1.0138756362294,1.01254552996405,"Neutral","Neutral",FALSE,FALSE
"ITGB4",1.01378404507154,"chr17",75721328,75757818,"Neutral",1.01407754755052,1.01285821207121,"Neutral","Neutral",FALSE,FALSE
"TRIM47",1.01402152598426,"chr17",75874164,75878581,"Neutral",1.01432284498434,1.01307103631589,"Neutral","Neutral",FALSE,FALSE
"FOXJ1",1.0141527408009,"chr17",76136333,76141245,"Neutral",1.01444959953302,1.01321632073521,"Neutral","Neutral",FALSE,FALSE
"RHBDF2",1.01434451224692,"chr17",76470891,76501790,"Neutral",1.01463910015606,1.01341525533323,"Neutral","Neutral",FALSE,FALSE
"ST6GALNAC1",1.0146375923345,"chr17",76624761,76643786,"Neutral",1.01490966400436,1.01377936131957,"Neutral","Neutral",FALSE,FALSE
"SYNGR2",1.01488291978899,"chr17",78168581,78173527,"Neutral",1.01510476061036,1.01418313846528,"Neutral","Neutral",FALSE,FALSE
"TK1",1.01506255259743,"chr17",78174091,78187233,"Neutral",1.01526872874274,1.01441218439653,"Neutral","Neutral",FALSE,FALSE
"BIRC5",1.01526326470093,"chr17",78214186,78225636,"Neutral",1.01545827018468,1.01464813356905,"Neutral","Neutral",FALSE,FALSE
"SOCS3",1.01536519378603,"chr17",78356778,78360077,"Neutral",1.01553408109316,1.01483245061187,"Neutral","Neutral",FALSE,FALSE
"GAA",1.01535519326586,"chr17",80101533,80119881,"Neutral",1.015411954078,1.01517614526195,"Neutral","Neutral",FALSE,FALSE
"BAIAP2",1.0154569740979,"chr17",81035122,81117434,"Neutral",1.01540396699818,1.01562418127907,"Neutral","Neutral",FALSE,FALSE
"ACTG1",1.0154828233227,"chr17",81509413,81523847,"Neutral",1.01535167329286,1.01589652690042,"Neutral","Neutral",FALSE,FALSE
"MRPL12",1.01524142357547,"chr17",81703367,81707517,"Neutral",1.01498638399747,1.01604592805028,"Neutral","Neutral",FALSE,FALSE
"PYCR1",1.01467012989698,"chr17",81932384,81942412,"Neutral",1.01436165430704,1.01564319452648,"Neutral","Neutral",FALSE,FALSE
"CENPX",1.0139957394507,"chr17",82018702,82024107,"Neutral",1.01359426077973,1.01526217578137,"Neutral","Neutral",FALSE,FALSE
"RAC3",1.01309654800938,"chr17",82031678,82034204,"Neutral",1.01253701141829,1.01486156697185,"Neutral","Neutral",FALSE,FALSE
"FASN",1.01212468820195,"chr17",82078338,82098294,"Neutral",1.01144521657235,1.01426803383797,"Neutral","Neutral",FALSE,FALSE
"SLC16A3",1.01096205472623,"chr17",82217934,82261129,"Neutral",1.01017536720008,1.01344360539386,"Neutral","Neutral",FALSE,FALSE
"CD7",1.00988964445456,"chr17",82314868,82317608,"Neutral",1.0089964007277,1.01270731918956,"Neutral","Neutral",FALSE,FALSE
"SECTM1",1.00948959810336,"chr17",82321024,82334074,"Neutral",1.00849204099852,1.01263632207856,"Neutral","Neutral",FALSE,FALSE
"METRNL",1.00887667708052,"chr17",83079609,83095122,"Neutral",1.00777830350305,1.01234141955312,"Neutral","Neutral",FALSE,FALSE
"COLEC12",1.00122564893658,"chr18",316737,500722,"Neutral",1.00028827341233,1.00418253433358,"Neutral","Neutral",FALSE,FALSE
"TYMS",1.00147191237109,"chr18",657653,673578,"Neutral",1.00054401959042,1.00439888511801,"Neutral","Neutral",FALSE,FALSE
"YES1",1.00165964072798,"chr18",721588,812546,"Neutral",1.00074999665471,1.00452904920636,"Neutral","Neutral",FALSE,FALSE
"NDC80",1.00163164271921,"chr18",2571557,2616635,"Neutral",1.00072365965963,1.00449581164631,"Neutral","Neutral",FALSE,FALSE
"EMILIN2",1.00171181565386,"chr18",2847006,2916003,"Neutral",1.00081831649656,1.00453029612627,"Neutral","Neutral",FALSE,FALSE
"EPB41L3",1.00189840716198,"chr18",5392381,5630700,"Neutral",1.00100156254806,1.00472744064285,"Neutral","Neutral",FALSE,FALSE
"RAB31",1.00236227361461,"chr18",9708275,9862551,"Neutral",1.0014713884366,1.00517250847258,"Neutral","Neutral",FALSE,FALSE
"CHMP1B",1.00298196395254,"chr18",11851413,11854444,"Neutral",1.00210886693707,1.00573608729841,"Neutral","Neutral",FALSE,FALSE
"IMPA2",1.00370447317488,"chr18",11981025,12030877,"Neutral",1.0028251931472,1.00647810039945,"Neutral","Neutral",FALSE,FALSE
"TUBB6",1.00437767121316,"chr18",12307669,12344320,"Neutral",1.00348191042506,1.00720328584143,"Neutral","Neutral",FALSE,FALSE
"LDLRAD4",1.00507667069064,"chr18",13217498,13652755,"Neutral",1.00422708566535,1.00775662711128,"Neutral","Neutral",FALSE,FALSE
"GATA6",1.00592395771717,"chr18",22169589,22202528,"Neutral",1.00506845440849,1.00862258294798,"Neutral","Neutral",FALSE,FALSE
"RBBP8",1.00673639595732,"chr18",22798261,23026488,"Neutral",1.00590530566049,1.00935801205318,"Neutral","Neutral",FALSE,FALSE
"NPC1",1.00753874835377,"chr18",23506184,23586506,"Neutral",1.00664662557231,1.01035288714506,"Neutral","Neutral",FALSE,FALSE
"LAMA3",1.00838473383103,"chr18",23689453,23956222,"Neutral",1.00747667520672,1.01124914112176,"Neutral","Neutral",FALSE,FALSE
"OSBPL1A",1.00907572567709,"chr18",24162045,24397880,"Neutral",1.00820373989444,1.01182634371691,"Neutral","Neutral",FALSE,FALSE
"KCTD1",1.00971052507455,"chr18",26454910,26657401,"Neutral",1.00891122076298,1.01223187450761,"Neutral","Neutral",FALSE,FALSE
"CDH2",1.01017810170743,"chr18",27932879,28177946,"Neutral",1.00942906650061,1.01254088077257,"Neutral","Neutral",FALSE,FALSE
"DSC2",1.01047902053259,"chr18",31058840,31102522,"Neutral",1.00972184104793,1.01286749015135,"Neutral","Neutral",FALSE,FALSE
"DSG2",1.01058080429348,"chr18",31498177,31549008,"Neutral",1.00980854706034,1.01301683561316,"Neutral","Neutral",FALSE,FALSE
"KLHL14",1.01030135307226,"chr18",32672673,32773023,"Neutral",1.00957840889746,1.01258182980545,"Neutral","Neutral",FALSE,FALSE
"PSTPIP2",1.00995468505997,"chr18",45983536,46072272,"Neutral",1.00925469631761,1.01216275049032,"Neutral","Neutral",FALSE,FALSE
"ZBTB7C",1.00968374628151,"chr18",48026672,48410752,"Neutral",1.00899834424415,1.01184579897319,"Neutral","Neutral",FALSE,FALSE
"ME2",1.00939536881462,"chr18",50879080,50954257,"Neutral",1.00871506245935,1.01154134753426,"Neutral","Neutral",FALSE,FALSE
"TCF4",1.009342691639,"chr18",55222185,55664787,"Neutral",1.00863768906341,1.01156657285484,"Neutral","Neutral",FALSE,FALSE
"ATP8B1",1.00943891058745,"chr18",57646426,57803315,"Neutral",1.00868801383839,1.01180756175712,"Neutral","Neutral",FALSE,FALSE
"SEC11C",1.00949829640385,"chr18",59139866,59158832,"Neutral",1.00870024420601,1.01201569613188,"Neutral","Neutral",FALSE,FALSE
"PMAIP1",1.0096136972958,"chr18",59899996,59904305,"Neutral",1.0087660404989,1.01228757125512,"Neutral","Neutral",FALSE,FALSE
"RNF152",1.00970318054373,"chr18",61808067,61894247,"Neutral",1.00887187105288,1.01232548807179,"Neutral","Neutral",FALSE,FALSE
"BCL2",1.00979011448899,"chr18",63123346,63320128,"Neutral",1.00892223792074,1.01252777029998,"Neutral","Neutral",FALSE,FALSE
"DSEL",1.01021979202549,"chr18",67506587,67516720,"Neutral",1.00931591427031,1.01307101105753,"Neutral","Neutral",FALSE,FALSE
"SOCS6",1.01074296939405,"chr18",70289045,70330199,"Neutral",1.00978909894829,1.01375188686491,"Neutral","Neutral",FALSE,FALSE
"CYB5A",1.01133056616173,"chr18",74250846,74291973,"Neutral",1.01032521150001,1.01450188698366,"Neutral","Neutral",FALSE,FALSE
"HSBP1L1",1.01177279359289,"chr18",79964582,79970822,"Neutral",1.01072859260085,1.01506665244132,"Neutral","Neutral",FALSE,FALSE
"PLPP2",0.98238838465872,"chr19",281040,291403,"Neutral",0.978383760666789,0.995020690384389,"Neutral","Neutral",FALSE,FALSE
"GZMM",0.983216510731671,"chr19",544034,549924,"Neutral",0.979442151603452,0.995122462082461,"Neutral","Neutral",FALSE,FALSE
"FSTL3",0.984269429313922,"chr19",676392,683392,"Neutral",0.980701973889557,0.995522717431378,"Neutral","Neutral",FALSE,FALSE
"PALM",0.98520550476179,"chr19",708935,748329,"Neutral",0.981825983149571,0.995865968839835,"Neutral","Neutral",FALSE,FALSE
"MISP",0.986018039006588,"chr19",751112,764318,"Neutral",0.982822953632109,0.996096711898564,"Neutral","Neutral",FALSE,FALSE
"CFD",0.986691781131107,"chr19",859453,867884,"Neutral",0.98367494364451,0.996208183552943,"Neutral","Neutral",FALSE,FALSE
"ARID3A",0.987518379026665,"chr19",925781,975939,"Neutral",0.984665684289112,0.99651700465029,"Neutral","Neutral",FALSE,FALSE
"RPS15",0.988362160951317,"chr19",1438358,1440495,"Neutral",0.985659304081836,0.996888133521228,"Neutral","Neutral",FALSE,FALSE
"OAZ1",0.989340090444659,"chr19",2269509,2273490,"Neutral",0.986810223442869,0.997320378600623,"Neutral","Neutral",FALSE,FALSE
"LMNB2",0.990792177340661,"chr19",2427638,2456959,"Neutral",0.988384868120134,0.998385865564869,"Neutral","Neutral",FALSE,FALSE
"GADD45B",0.992249590590495,"chr19",2476122,2478259,"Neutral",0.989952286569824,0.999496275121276,"Neutral","Neutral",FALSE,FALSE
"GNA15",0.99363831696337,"chr19",3136033,3163749,"Neutral",0.991464003762721,1.00049703557198,"Neutral","Neutral",FALSE,FALSE
"S1PR4",0.995259791857295,"chr19",3172346,3180332,"Neutral",0.993234778393763,1.00164755490858,"Neutral","Neutral",FALSE,FALSE
"MFSD12",0.996980700736726,"chr19",3538261,3574290,"Neutral",0.995096660117942,1.00292377482908,"Neutral","Neutral",FALSE,FALSE
"TJP3",0.998647590010557,"chr19",3708362,3750813,"Neutral",0.996897295037517,1.00416877283674,"Neutral","Neutral",FALSE,FALSE
"MATK",1.00024016625963,"chr19",3777970,3802129,"Neutral",0.998669965285521,1.00519325518776,"Neutral","Neutral",FALSE,FALSE
"CHAF1A",1.00212194609768,"chr19",4402640,4445018,"Neutral",1.00068322990727,1.00666027549051,"Neutral","Neutral",FALSE,FALSE
"LRG1",1.00391829032165,"chr19",4536402,4540036,"Neutral",1.00266264958336,1.00787912103127,"Neutral","Neutral",FALSE,FALSE
"TNFAIP8L1",1.00578756846389,"chr19",4639516,4655568,"Neutral",1.00467678827499,1.00929144672274,"Neutral","Neutral",FALSE,FALSE
"RPL36",1.00769355206686,"chr19",5674947,5691875,"Neutral",1.00674769887314,1.01067717967803,"Neutral","Neutral",FALSE,FALSE
"CAPS",1.00960793161078,"chr19",5912339,5916211,"Neutral",1.00886303646303,1.0119576511497,"Neutral","Neutral",FALSE,FALSE
"SLC25A23",1.01130021805022,"chr19",6436079,6465203,"Neutral",1.01079544817559,1.01289247924385,"Neutral","Neutral",FALSE,FALSE
"CRB3",1.01294034947896,"chr19",6463777,6467221,"Neutral",1.01261477421473,1.01396735383262,"Neutral","Neutral",FALSE,FALSE
"C3",1.01448182347317,"chr19",6677704,6730562,"Neutral",1.01433213238254,1.01495401352774,"Neutral","Neutral",FALSE,FALSE
"SH2D3A",1.01561681850384,"chr19",6752160,6767463,"Neutral",1.01565944905541,1.01548234341661,"Neutral","Neutral",FALSE,FALSE
"INSR",1.01680815477266,"chr19",7112255,7294414,"Neutral",1.01707199850874,1.01597587819821,"Neutral","Neutral",FALSE,FALSE
"MCOLN1",1.01800358523184,"chr19",7522624,7534009,"Neutral",1.01850580185043,1.01641937810548,"Neutral","Neutral",FALSE,FALSE
"STXBP2",1.01941881131024,"chr19",7636772,7647873,"Neutral",1.0201497807024,1.01711301959132,"Neutral","Neutral",FALSE,FALSE
"CTXN1",1.02084025746178,"chr19",7924491,7926135,"Neutral",1.02177931171401,1.01787807663505,"Neutral","Neutral",FALSE,FALSE
"CD320",1.02224085101669,"chr19",8302127,8308358,"Neutral",1.02337565511205,1.01866119102861,"Neutral","Neutral",FALSE,FALSE
"RPS28",1.02346787118253,"chr19",8321158,8323340,"Neutral",1.02475226481119,1.01941634149533,"Neutral","Neutral",FALSE,FALSE
"ANGPTL4",1.02485052365978,"chr19",8363289,8374370,"Neutral",1.02633020837593,1.02018296192372,"Neutral","Neutral",FALSE,FALSE
"MYO1F",1.02615847342187,"chr19",8520778,8577577,"Neutral",1.02778673550571,1.02102223479221,"Neutral","Neutral",FALSE,FALSE
"MUC16",1.02753553643501,"chr19",8848844,9010390,"Neutral",1.02932578116401,1.02188833490347,"Neutral","Neutral",FALSE,FALSE
"DNMT1",1.02839710372532,"chr19",10133342,10231286,"Neutral",1.03036767159089,1.02218108549706,"Neutral","Neutral",FALSE,FALSE
"ICAM1",1.02976240631373,"chr19",10271093,10286615,"Neutral",1.0318604662832,1.02314422317881,"Neutral","Neutral",FALSE,FALSE
"CDKN2D",1.03128459977519,"chr19",10566460,10569059,"Neutral",1.0335139413394,1.02425229805029,"Neutral","Neutral",FALSE,FALSE
"AP1M2",1.03274923875968,"chr19",10572671,10587315,"Neutral",1.03518571212267,1.025063554292,"Neutral","Neutral",FALSE,FALSE
"SLC44A2",1.03414590875503,"chr19",10602457,10644557,"Neutral",1.03677363968591,1.02585691569336,"Neutral","Neutral",FALSE,FALSE
"LDLR",1.03549756055126,"chr19",11089418,11133820,"Neutral",1.03829515256483,1.02667275260868,"Neutral","Neutral",FALSE,FALSE
"KANK2",1.03676250884934,"chr19",11164270,11197791,"Neutral",1.03970366536201,1.02748483675578,"Neutral","Neutral",FALSE,FALSE
"RGL3",1.03810043523877,"chr19",11384341,11419328,"Neutral",1.04124962217867,1.02816654574194,"Neutral","Neutral",FALSE,FALSE
"ACP5",1.03944421443982,"chr19",11574653,11579993,"Neutral",1.04276884434748,1.02895690239682,"Neutral","Neutral",FALSE,FALSE
"HOOK2",1.04094448447965,"chr19",12763003,12872740,"Neutral",1.0444101782467,1.0300121963784,"Neutral","Neutral",FALSE,FALSE
"JUNB",1.0422287584973,"chr19",12791486,12793315,"Neutral",1.04592484166506,1.03056972317794,"Neutral","Neutral",FALSE,FALSE
"DNASE2",1.04362456131416,"chr19",12875209,12881595,"Neutral",1.04738937051719,1.03174873453313,"Neutral","Neutral",FALSE,FALSE
"CALR",1.04494596122085,"chr19",12938578,12944489,"Neutral",1.04875710462993,1.03292397643405,"Neutral","Neutral",FALSE,FALSE
"NFIX",1.04581821439443,"chr19",12995475,13098796,"Neutral",1.04966802501819,1.03367425658886,"Neutral","Neutral",FALSE,FALSE
"LYL1",1.04662925993457,"chr19",13099033,13103161,"Neutral",1.05050717936229,1.03439663487683,"Gain","Neutral",FALSE,TRUE
"IER2",1.04775163340975,"chr19",13150411,13154911,"Neutral",1.05161356972593,1.03556942595725,"Gain","Neutral",FALSE,TRUE
"PALM3",1.04851394065509,"chr19",14053363,14062076,"Neutral",1.05228585233623,1.03661570960458,"Gain","Neutral",FALSE,TRUE
"ASF1B",1.04918556489512,"chr19",14119512,14136613,"Neutral",1.05288189738597,1.03752574310354,"Gain","Neutral",FALSE,TRUE
"ADGRE5",1.04999984110487,"chr19",14380501,14408725,"Neutral",1.05351964501862,1.0388968663381,"Gain","Neutral",FALSE,TRUE
"DDX39A",1.05104406600909,"chr19",14408798,14419383,"Gain",1.05437256152309,1.04054456018181,"Gain","Neutral",FALSE,TRUE
"DNAJB1",1.05214643489984,"chr19",14514769,14560391,"Gain",1.05528075893555,1.04225942939265,"Gain","Neutral",FALSE,TRUE
"ADGRE2",1.05352461836014,"chr19",14732392,14778560,"Gain",1.05648421483412,1.04418877870097,"Gain","Neutral",FALSE,TRUE
"NOTCH3",1.05525890118907,"chr19",15159038,15200995,"Gain",1.05796977347293,1.04670764455625,"Gain","Neutral",FALSE,TRUE
"UCA1",1.05693612697472,"chr19",15828206,15836328,"Gain",1.05940326546651,1.04915371150735,"Gain","Neutral",FALSE,TRUE
"HSH2D",1.05836942901933,"chr19",16134028,16158575,"Gain",1.06056585003614,1.05144097285404,"Gain","Gain",TRUE,FALSE
"NR2F6",1.05963018157002,"chr19",17231883,17245919,"Gain",1.06160619409635,1.053396988541,"Gain","Gain",TRUE,FALSE
"COLGALT1",1.06012467200497,"chr19",17555649,17583162,"Gain",1.06202192888663,1.05413990813763,"Gain","Gain",TRUE,FALSE
"B3GNT3",1.06073596234502,"chr19",17794828,17813576,"Gain",1.06249801252165,1.05517769855298,"Gain","Gain",TRUE,FALSE
"RPL18A",1.06125159206318,"chr19",17859910,17864153,"Gain",1.06295985342171,1.05586300132814,"Gain","Gain",TRUE,FALSE
"IFI30",1.06122387338283,"chr19",18173162,18178117,"Gain",1.0628593643819,1.05606483164672,"Gain","Gain",TRUE,FALSE
"GDF15",1.06123997124517,"chr19",18374731,18389176,"Gain",1.06281018599894,1.05628683885007,"Gain","Gain",TRUE,FALSE
"LRRC25",1.06099389615309,"chr19",18391137,18397622,"Gain",1.06256312909962,1.05604386080012,"Gain","Gain",TRUE,FALSE
"ISYNA1",1.06096795870104,"chr19",18434388,18438167,"Gain",1.06250425067674,1.05612183333196,"Gain","Gain",TRUE,FALSE
"UBA52",1.06024805110277,"chr19",18571730,18577550,"Gain",1.06175067244856,1.055508137376,"Gain","Gain",TRUE,FALSE
"HOMER3",1.05943427723693,"chr19",18929201,18941261,"Gain",1.06088763444762,1.05484976377175,"Gain","Gain",TRUE,FALSE
"ZNF714",1.05860673256058,"chr19",21082159,21125270,"Gain",1.06006705602787,1.05400024452715,"Gain","Gain",TRUE,FALSE
"ZNF208",1.05769367325653,"chr19",21932958,22010949,"Gain",1.0591312312425,1.05315899733847,"Gain","Gain",TRUE,FALSE
"CCNE1",1.05691871400022,"chr19",29811991,29824312,"Gain",1.05829463864668,1.05257845613216,"Gain","Gain",TRUE,FALSE
"RHPN2",1.05622200292056,"chr19",32978592,33064888,"Gain",1.05762098838631,1.05180900131421,"Gain","Gain",TRUE,FALSE
"CEBPA",1.05559157222404,"chr19",33299934,33302534,"Gain",1.05698607437552,1.0511927129184,"Gain","Gain",TRUE,FALSE
"CEBPG",1.05499036019552,"chr19",33373685,33382686,"Gain",1.05636543120734,1.05065279505813,"Gain","Gain",TRUE,FALSE
"WTIP",1.05456730552706,"chr19",34481758,34512304,"Gain",1.05593105879139,1.05026544143096,"Gain","Gain",TRUE,FALSE
"HPN",1.05408871004043,"chr19",35040506,35066573,"Gain",1.05550334324409,1.0496263487415,"Gain","Neutral",FALSE,TRUE
"FXYD3",1.05356949914078,"chr19",35115823,35124324,"Gain",1.05493558763118,1.04926026873768,"Gain","Neutral",FALSE,TRUE
"FXYD1",1.05279227406576,"chr19",35138824,35143109,"Gain",1.05412912032744,1.04857528622377,"Gain","Neutral",FALSE,TRUE
"LSR",1.05205355919796,"chr19",35248330,35267964,"Gain",1.05338992249574,1.04783809483172,"Gain","Neutral",FALSE,TRUE
"HAMP",1.05107223329358,"chr19",35280716,35285143,"Gain",1.05239366446294,1.04690387127997,"Gain","Neutral",FALSE,TRUE
"DMKN",1.05047220354037,"chr19",35497220,35513658,"Gain",1.05176339886926,1.0463992183665,"Gain","Neutral",FALSE,TRUE
"NFKBID",1.04956783332312,"chr19",35887653,35902303,"Neutral",1.05085061633316,1.0455213842195,"Gain","Neutral",FALSE,TRUE
"TYROBP",1.04895411050453,"chr19",35904401,35908295,"Neutral",1.05015663711406,1.0451608245917,"Gain","Neutral",FALSE,TRUE
"SYNE4",1.04892219786706,"chr19",36003307,36008813,"Neutral",1.05004998556376,1.04536467061678,"Gain","Neutral",FALSE,TRUE
"SPINT2",1.04916506449605,"chr19",38244035,38292615,"Neutral",1.05020328882679,1.04589005860681,"Gain","Neutral",FALSE,TRUE
"PPP1R14A",1.04814764252583,"chr19",38251237,38256532,"Neutral",1.04912626191866,1.04506065623593,"Neutral","Neutral",FALSE,FALSE
"KCNK6",1.04698928150772,"chr19",38319845,38332076,"Neutral",1.0478804515218,1.04417814815437,"Neutral","Neutral",FALSE,FALSE
"FBXO17",1.04584925642364,"chr19",38941401,38975742,"Neutral",1.04668021279189,1.04322806279608,"Neutral","Neutral",FALSE,FALSE
"RPS16",1.04467504172308,"chr19",39433137,39435949,"Neutral",1.04541073112811,1.04235436105437,"Neutral","Neutral",FALSE,FALSE
"FCGBP",1.04314235669828,"chr19",39863323,39934626,"Neutral",1.04387156384665,1.04084212385394,"Neutral","Neutral",FALSE,FALSE
"PLD3",1.04183927550208,"chr19",40348456,40389472,"Neutral",1.04251378060633,1.03971159642221,"Neutral","Neutral",FALSE,FALSE
"BLVRB",1.040434533645,"chr19",40447765,40465764,"Neutral",1.04102908956626,1.03855904865974,"Neutral","Neutral",FALSE,FALSE
"ITPKC",1.03883636939538,"chr19",40717112,40740860,"Neutral",1.03932390987457,1.03729845712218,"Neutral","Neutral",FALSE,FALSE
"AXL",1.03710897902653,"chr19",41219223,41261766,"Neutral",1.03744859178705,1.03603769437464,"Neutral","Neutral",FALSE,FALSE
"RPS19",1.03559022511227,"chr19",41860255,41872925,"Neutral",1.03583862888561,1.0348066528182,"Neutral","Neutral",FALSE,FALSE
"CD79A",1.03389914862623,"chr19",41877279,41881372,"Neutral",1.03410878449049,1.03323786698439,"Neutral","Neutral",FALSE,FALSE
"POU2F2",1.03217479725178,"chr19",42086110,42196585,"Neutral",1.03235441476062,1.03160820640829,"Neutral","Neutral",FALSE,FALSE
"PAFAH1B3",1.03083943466975,"chr19",42297033,42303546,"Neutral",1.0309993861794,1.03033487884247,"Neutral","Neutral",FALSE,FALSE
"CNFN",1.02938804988968,"chr19",42387019,42390297,"Neutral",1.02952736304087,1.02894859631778,"Neutral","Neutral",FALSE,FALSE
"CXCL17",1.02806168643296,"chr19",42428278,42442946,"Neutral",1.02823275894521,1.02752205018236,"Neutral","Neutral",FALSE,FALSE
"PLAUR",1.02693112099961,"chr19",43646095,43670547,"Neutral",1.02716238673442,1.02620160944698,"Neutral","Neutral",FALSE,FALSE
"KCNN4",1.02581865680382,"chr19",43766533,43780976,"Neutral",1.02613751837451,1.02481283032592,"Neutral","Neutral",FALSE,FALSE
"BCL3",1.02490686882619,"chr19",44747705,44760044,"Neutral",1.02533317138712,1.0235621272744,"Neutral","Neutral",FALSE,FALSE
"CBLC",1.02382157679192,"chr19",44777869,44800652,"Neutral",1.02433348726408,1.02220679108381,"Neutral","Neutral",FALSE,FALSE
"BCAM",1.02270575568751,"chr19",44809071,44821421,"Neutral",1.02328336625416,1.0208837236358,"Neutral","Neutral",FALSE,FALSE
"NECTIN2",1.02102264450581,"chr19",44846175,44889223,"Neutral",1.02163928864206,1.01907748379441,"Neutral","Neutral",FALSE,FALSE
"TOMM40",1.01917190767639,"chr19",44890569,44903689,"Neutral",1.01983576798117,1.01707780687043,"Neutral","Neutral",FALSE,FALSE
"APOE",1.01743746202899,"chr19",44905791,44909393,"Neutral",1.01818431428108,1.01508156894156,"Neutral","Neutral",FALSE,FALSE
"APOC1",1.01589727463629,"chr19",44914247,44919349,"Neutral",1.01665662779053,1.01350194832911,"Neutral","Neutral",FALSE,FALSE
"FOSB",1.0146857407852,"chr19",45467995,45475179,"Neutral",1.01547975290641,1.01218108519576,"Neutral","Neutral",FALSE,FALSE
"IGFL2-AS1",1.01371782884396,"chr19",46189029,46203160,"Neutral",1.01438162452091,1.01162393190196,"Neutral","Neutral",FALSE,FALSE
"HIF3A",1.01273420032871,"chr19",46297042,46343433,"Neutral",1.01326511696549,1.01105946100634,"Neutral","Neutral",FALSE,FALSE
"CCDC8",1.01181990077872,"chr19",46410329,46413564,"Neutral",1.01225324300423,1.01045295309835,"Neutral","Neutral",FALSE,FALSE
"SLC1A5",1.01101787437182,"chr19",46774883,46788594,"Neutral",1.01131926726865,1.01006715160135,"Neutral","Neutral",FALSE,FALSE
"C5AR1",1.0101372287982,"chr19",47290023,47322066,"Neutral",1.01033647060019,1.00950873449735,"Neutral","Neutral",FALSE,FALSE
"LIG1",1.00948934595809,"chr19",48115445,48170603,"Neutral",1.00956900028801,1.0092380819568,"Neutral","Neutral",FALSE,FALSE
"EMP3",1.00880819457367,"chr19",48321509,48330553,"Neutral",1.00878756645286,1.00887326453507,"Neutral","Neutral",FALSE,FALSE
"RPL18",1.00893771689981,"chr19",48615328,48619184,"Neutral",1.00879610741661,1.00938441409012,"Neutral","Neutral",FALSE,FALSE
"PLEKHA4",1.00890821929453,"chr19",48837092,48868617,"Neutral",1.00861671340851,1.00982775418231,"Neutral","Neutral",FALSE,FALSE
"FTL",1.00897315239536,"chr19",48965309,48966879,"Neutral",1.00859210312798,1.01017514560414,"Neutral","Neutral",FALSE,FALSE
"TEAD2",1.00918449070444,"chr19",49340595,49362457,"Neutral",1.00875012407508,1.01055466979493,"Neutral","Neutral",FALSE,FALSE
"RPL13A",1.00946275795344,"chr19",49487510,49493057,"Neutral",1.00892871687457,1.01114735310942,"Neutral","Neutral",FALSE,FALSE
"RPS11",1.00958812741127,"chr19",49496365,49499708,"Neutral",1.00894497153384,1.01161691755221,"Neutral","Neutral",FALSE,FALSE
"FCGRT",1.00970569457125,"chr19",49506816,49526428,"Neutral",1.00893532666377,1.01213576614553,"Neutral","Neutral",FALSE,FALSE
"RRAS",1.01004315932331,"chr19",49635292,49640143,"Neutral",1.00911873041681,1.01295920552193,"Neutral","Neutral",FALSE,FALSE
"IL4I1",1.0103045142822,"chr19",49889654,49929539,"Neutral",1.00925336661238,1.01362028593888,"Neutral","Neutral",FALSE,FALSE
"ATF5",1.01069437543626,"chr19",49928702,49933935,"Neutral",1.00947370734529,1.01454488738088,"Neutral","Neutral",FALSE,FALSE
"MYH14",1.01109792935235,"chr19",50188186,50310542,"Neutral",1.00976158774879,1.01531332528569,"Neutral","Neutral",FALSE,FALSE
"CLEC11A",1.01135451096389,"chr19",50723364,50725708,"Neutral",1.00990347113805,1.01593171440099,"Neutral","Neutral",FALSE,FALSE
"KLK5",1.0115194625868,"chr19",50943303,50953093,"Neutral",1.00997299320883,1.01639769185809,"Neutral","Neutral",FALSE,FALSE
"KLK6",1.01186458019765,"chr19",50958631,50969673,"Neutral",1.01019249810445,1.01713904597578,"Neutral","Neutral",FALSE,FALSE
"KLK7",1.01186700680382,"chr19",50976468,50984099,"Neutral",1.01012973727996,1.01734710176341,"Neutral","Neutral",FALSE,FALSE
"KLK8",1.0116318497658,"chr19",50996007,51002711,"Neutral",1.00986097160834,1.01721796080469,"Neutral","Neutral",FALSE,FALSE
"KLK10",1.01113137545893,"chr19",51012739,51020175,"Neutral",1.00933977491021,1.01678285382876,"Neutral","Neutral",FALSE,FALSE
"KLK11",1.00992826178262,"chr19",51022216,51028039,"Neutral",1.00811080357942,1.01566130631131,"Neutral","Neutral",FALSE,FALSE
"NKG7",1.00839599347031,"chr19",51371606,51372701,"Neutral",1.00650511224741,1.01436064576892,"Neutral","Neutral",FALSE,FALSE
"FPR1",1.00801584221614,"chr19",51745172,51804115,"Neutral",1.00607519413849,1.01413748057026,"Neutral","Neutral",FALSE,FALSE
"FPR3",1.00783714334373,"chr19",51795157,51826190,"Neutral",1.00581801636116,1.01420633790335,"Neutral","Neutral",FALSE,FALSE
"ZNF331",1.00784095019223,"chr19",53519527,53580269,"Neutral",1.00574474415069,1.01445328524146,"Neutral","Neutral",FALSE,FALSE
"TMC4",1.00820883496191,"chr19",54160108,54173250,"Neutral",1.0060297516343,1.01508260060173,"Neutral","Neutral",FALSE,FALSE
"RPS9",1.00860696394522,"chr19",54200809,54249003,"Neutral",1.00631474773515,1.01583759933403,"Neutral","Neutral",FALSE,FALSE
"LILRB3",1.00891955171876,"chr19",54216278,54223506,"Neutral",1.00645632886981,1.01668961556523,"Neutral","Neutral",FALSE,FALSE
"LILRB2",1.00937629420821,"chr19",54273812,54281184,"Neutral",1.00679092899241,1.01753164759078,"Neutral","Neutral",FALSE,FALSE
"LAIR1",1.01010541535132,"chr19",54351384,54370558,"Neutral",1.00739509058866,1.01865494486689,"Neutral","Neutral",FALSE,FALSE
"TTYH1",1.01127773614924,"chr19",54415219,54436904,"Neutral",1.00839830578099,1.02036069744619,"Neutral","Neutral",FALSE,FALSE
"CDC42EP5",1.01236949020559,"chr19",54465026,54473296,"Neutral",1.00936654434115,1.02184207247893,"Neutral","Neutral",FALSE,FALSE
"LILRB1",1.01352026931169,"chr19",54617158,54638022,"Neutral",1.01037688299967,1.02343586113437,"Neutral","Neutral",FALSE,FALSE
"LILRB4",1.01499447252555,"chr19",54643889,54670359,"Neutral",1.01167817056397,1.02545551464628,"Neutral","Neutral",FALSE,FALSE
"EPS8L1",1.01672315810701,"chr19",55072020,55087923,"Neutral",1.01320341554969,1.02782593932925,"Neutral","Neutral",FALSE,FALSE
"TNNT1",1.01852578398178,"chr19",55132698,55149206,"Neutral",1.0148047438634,1.0302635442528,"Neutral","Neutral",FALSE,FALSE
"TNNI3",1.01989393838606,"chr19",55151767,55157773,"Neutral",1.01596868895645,1.03227586261772,"Neutral","Neutral",FALSE,FALSE
"TMEM190",1.02136433728607,"chr19",55376826,55378246,"Neutral",1.01726402325444,1.03429849053571,"Neutral","Neutral",FALSE,FALSE
"TMEM238",1.02287153620446,"chr19",55379244,55384292,"Neutral",1.01846801920885,1.03676212195451,"Neutral","Neutral",FALSE,FALSE
"RPL28",1.02406630260886,"chr19",55385932,55403250,"Neutral",1.01939585987943,1.03879888687925,"Neutral","Neutral",FALSE,FALSE
"UBE2S",1.02547161593833,"chr19",55399745,55407788,"Neutral",1.02055711787947,1.04097405564123,"Neutral","Neutral",FALSE,FALSE
"ISOC2",1.02683370134973,"chr19",55452985,55462343,"Neutral",1.02158488670019,1.04339071930797,"Neutral","Neutral",FALSE,FALSE
"ZNF667-AS1",1.0288665092041,"chr19",56477250,56504362,"Neutral",1.02337737226782,1.04618160697331,"Neutral","Neutral",FALSE,FALSE
"RPS5",1.03110328761,"chr19",58386400,58394806,"Neutral",1.02533735854851,1.04929150673967,"Neutral","Neutral",FALSE,FALSE
"SOX12",1.02722188251534,"chr20",325552,330224,"Neutral",1.01940667956031,1.05187439252254,"Neutral","Gain",FALSE,TRUE
"TRIB3",1.02822149075578,"chr20",362835,397559,"Neutral",1.02011511823716,1.05379247474519,"Neutral","Gain",FALSE,TRUE
"SIRPA",1.0291519895238,"chr20",1894167,1940592,"Neutral",1.02083873514198,1.05537556785173,"Neutral","Gain",FALSE,TRUE
"LZTS3",1.03036293207544,"chr20",3162617,3173549,"Neutral",1.02173947166549,1.0575650335789,"Neutral","Gain",FALSE,TRUE
"SLC4A11",1.03162112107598,"chr20",3227417,3239559,"Neutral",1.02270561368322,1.05974446431913,"Neutral","Gain",FALSE,TRUE
"SIGLEC1",1.03276059546484,"chr20",3686970,3712600,"Neutral",1.0235319047021,1.06187185369967,"Neutral","Gain",FALSE,TRUE
"CDC25B",1.03422633368439,"chr20",3786772,3806121,"Neutral",1.02467735567988,1.06434791557667,"Neutral","Gain",FALSE,TRUE
"RASSF2",1.0357238720191,"chr20",4780023,4823608,"Neutral",1.02590549704686,1.06669524776585,"Neutral","Gain",FALSE,TRUE
"PCNA",1.03740740026194,"chr20",5114953,5126626,"Neutral",1.02728702341155,1.06933141976809,"Neutral","Gain",FALSE,TRUE
"MCM8",1.03915457411521,"chr20",5950652,5998977,"Neutral",1.02871799396843,1.07207603475923,"Neutral","Gain",FALSE,TRUE
"PLCB1",1.04095297717099,"chr20",8077251,8968360,"Neutral",1.03015116940319,1.07502652274924,"Neutral","Gain",FALSE,TRUE
"JAG1",1.04268581784024,"chr20",10637684,10673999,"Neutral",1.03155304819928,1.0778033594525,"Neutral","Gain",FALSE,TRUE
"MACROD2",1.04429946796673,"chr20",13995369,16053197,"Neutral",1.03287617714393,1.08033343828645,"Neutral","Gain",FALSE,TRUE
"OVOL2",1.04616575839467,"chr20",17956979,18059188,"Neutral",1.03436673913216,1.08338493774519,"Neutral","Gain",FALSE,TRUE
"RIN2",1.04783908409296,"chr20",19757606,20002457,"Neutral",1.03573238248736,1.08602882583141,"Neutral","Gain",FALSE,TRUE
"THBD",1.0495956983992,"chr20",23045633,23049672,"Neutral",1.03719490210069,1.0887131412353,"Neutral","Gain",FALSE,TRUE
"CD93",1.05174371250076,"chr20",23079360,23086324,"Gain",1.03902987066517,1.09184863554437,"Neutral","Gain",FALSE,TRUE
"GZF1",1.054353298407,"chr20",23362182,23373062,"Gain",1.04133646058541,1.09541400105351,"Neutral","Gain",FALSE,TRUE
"CST3",1.05709114825605,"chr20",23626706,23638473,"Gain",1.04379199536328,1.09904239400905,"Neutral","Gain",FALSE,TRUE
"CST7",1.05907312470347,"chr20",24949269,24959928,"Gain",1.04546848971032,1.10198799233295,"Neutral","Gain",FALSE,TRUE
"ABHD12",1.06180557578381,"chr20",25294742,25390835,"Gain",1.04782334407301,1.10591154579593,"Neutral","Gain",FALSE,TRUE
"ID1",1.06456234093523,"chr20",31605283,31606515,"Gain",1.05024135872295,1.10973687566357,"Gain","Gain",TRUE,FALSE
"BCL2L1",1.06704551322649,"chr20",31664452,31723989,"Gain",1.0524865465061,1.11297075340692,"Gain","Gain",TRUE,FALSE
"TPX2",1.06953966375559,"chr20",31739271,31801805,"Gain",1.05478062333512,1.11609602240111,"Gain","Gain",TRUE,FALSE
"HCK",1.07201719326639,"chr20",32052197,32101856,"Gain",1.05710289930747,1.11906328831828,"Gain","Gain",TRUE,FALSE
"NECAB3",1.07488222933716,"chr20",33657087,33674463,"Gain",1.05981738940891,1.1224032110986,"Gain","Gain",TRUE,FALSE
"E2F1",1.07774100373333,"chr20",33675477,33686385,"Gain",1.06254434020907,1.12567781378977,"Gain","Gain",TRUE,FALSE
"AHCY",1.08085261878416,"chr20",34280268,34311802,"Gain",1.06548338260051,1.12933379720017,"Gain","Gain",TRUE,FALSE
"MAP1LC3A",1.08361898553979,"chr20",34546854,34560345,"Gain",1.06809377681241,1.13259216841395,"Gain","Gain",TRUE,FALSE
"EPB41L1",1.08639289325109,"chr20",36091504,36232799,"Gain",1.07071305829166,1.13585383373752,"Gain","Gain",TRUE,FALSE
"MYL9",1.08909842188097,"chr20",36541497,36551447,"Gain",1.07324782394175,1.13909802221956,"Gain","Gain",TRUE,FALSE
"DSN1",1.09144781410444,"chr20",36751791,36773818,"Gain",1.07543837302138,1.14194847400803,"Gain","Gain",TRUE,FALSE
"TGM2",1.0938646356326,"chr20",38127385,38166578,"Gain",1.07772447485657,1.14477764164643,"Gain","Gain",TRUE,FALSE
"MAFB",1.09628650001972,"chr20",40685848,40689236,"Gain",1.08004979150864,1.14750405909737,"Gain","Gain",TRUE,FALSE
"MYBL2",1.09925634721994,"chr20",43667019,43716495,"Gain",1.08297646305163,1.15061010088245,"Gain","Gain",TRUE,FALSE
"PKIG",1.10244551086209,"chr20",44531785,44624247,"Gain",1.08609346521619,1.15402689284832,"Gain","Gain",TRUE,FALSE
"KCNK15",1.10559483206098,"chr20",44745865,44752313,"Gain",1.08912243117858,1.15755586620588,"Gain","Gain",TRUE,FALSE
"PI3",1.10846852833789,"chr20",45174902,45176544,"Gain",1.09190140799035,1.16072834839736,"Gain","Gain",TRUE,FALSE
"SLPI",1.11140747724621,"chr20",45252239,45254564,"Gain",1.09477947324232,1.16385935053269,"Gain","Gain",TRUE,FALSE
"SDC4",1.11296761252314,"chr20",45325288,45348424,"Gain",1.09639776040475,1.16523604976229,"Gain","Gain",TRUE,FALSE
"WFDC2",1.11422461604201,"chr20",45469753,45481532,"Gain",1.09768356532129,1.16640220129067,"Gain","Gain",TRUE,FALSE
"UBE2C",1.11378656097295,"chr20",45812576,45816957,"Gain",1.09728757595268,1.16583145291769,"Gain","Gain",TRUE,FALSE
"PLTP",1.1133486853148,"chr20",45898621,45912155,"Gain",1.09692541367681,1.16515474470136,"Gain","Gain",TRUE,FALSE
"MMP9",1.11309466242065,"chr20",46008908,46016561,"Gain",1.09668277487524,1.164864811485,"Gain","Gain",TRUE,FALSE
"CD40",1.11308528941882,"chr20",46118271,46129863,"Gain",1.09667819084698,1.16484033200166,"Gain","Gain",TRUE,FALSE
"EYA2",1.11341390158372,"chr20",46894624,47188844,"Gain",1.09696796202615,1.16529146533392,"Gain","Gain",TRUE,FALSE
"SULF2",1.11368975277724,"chr20",47656197,47786616,"Gain",1.09719472452506,1.16572216337433,"Gain","Gain",TRUE,FALSE
"PREX1",1.11416580718998,"chr20",48624252,48827999,"Gain",1.09760716935939,1.16639886974421,"Gain","Gain",TRUE,FALSE
"CSE1L",1.11527857396,"chr20",49046246,49096960,"Gain",1.09862661327044,1.16780601693249,"Gain","Gain",TRUE,FALSE
"B4GALT5",1.11645939092903,"chr20",49632945,49713878,"Gain",1.09972341990715,1.16925183860708,"Gain","Gain",TRUE,FALSE
"PARD6B",1.11751557269544,"chr20",50731580,50756795,"Gain",1.10073732684845,1.17044137334655,"Gain","Gain",TRUE,FALSE
"BCAS4",1.11845854390552,"chr20",50794894,50877177,"Gain",1.10166056684868,1.17144658527526,"Gain","Gain",TRUE,FALSE
"NFATC2",1.119562177164,"chr20",51386957,51562831,"Gain",1.10279032342185,1.17246781436838,"Gain","Gain",TRUE,FALSE
"ATP9A",1.12108036238558,"chr20",51596514,51768390,"Gain",1.10431724469722,1.17395844232053,"Gain","Gain",TRUE,FALSE
"TSHZ2",1.12240225306257,"chr20",52972358,53495330,"Gain",1.10562566108803,1.17532283668895,"Gain","Gain",TRUE,FALSE
"DOK5",1.1237341265345,"chr20",54475593,54651169,"Gain",1.10701046815005,1.17648773486067,"Gain","Gain",TRUE,FALSE
"AURKA",1.12489693286557,"chr20",56369389,56392337,"Gain",1.10813357027578,1.17777578532491,"Gain","Gain",TRUE,FALSE
"TFAP2C",1.12605522138689,"chr20",56629306,56639283,"Gain",1.10927992447981,1.17897171981374,"Gain","Gain",TRUE,FALSE
"BMP7",1.12726414485793,"chr20",57168753,57266641,"Gain",1.11048541928184,1.18019145878087,"Gain","Gain",TRUE,FALSE
"RBM38",1.12823428534628,"chr20",57391396,57409333,"Gain",1.1114838918177,1.18107222781094,"Gain","Gain",TRUE,FALSE
"CTCFL",1.12903711511513,"chr20",57495966,57525652,"Gain",1.11222668700119,1.18206443247189,"Gain","Gain",TRUE,FALSE
"PCK1",1.12997584758449,"chr20",57561080,57568121,"Gain",1.11308096673116,1.18326956518894,"Gain","Gain",TRUE,FALSE
"PMEPA1",1.13111301975756,"chr20",57648392,57711536,"Gain",1.11411009731585,1.18474754698064,"Gain","Gain",TRUE,FALSE
"GNAS",1.13234856849135,"chr20",58839718,58911192,"Gain",1.11522448388464,1.18636529327251,"Gain","Gain",TRUE,FALSE
"CTSZ",1.13284892962932,"chr20",58985686,59008238,"Gain",1.11566339597088,1.18705949113759,"Gain","Gain",TRUE,FALSE
"ATP5F1E",1.13410522812661,"chr20",59025475,59032345,"Gain",1.11685560235831,1.18851796370368,"Gain","Gain",TRUE,FALSE
"LAMA5",1.13508228416245,"chr20",62307955,62367312,"Gain",1.1178088499615,1.18957012177176,"Gain","Gain",TRUE,FALSE
"RPS21",1.13556504705839,"chr20",62387103,62388520,"Gain",1.11828146392087,1.19008489877681,"Gain","Gain",TRUE,FALSE
"SOX18",1.1350414680809,"chr20",64047582,64049639,"Gain",1.11778016862038,1.18949102750197,"Gain","Gain",TRUE,FALSE
"RGS19",1.13433407536349,"chr20",64073181,64079988,"Gain",1.11709891477597,1.18870118154152,"Gain","Gain",TRUE,FALSE
"SAMSN1",1.00783574621331,"chr21",14485228,14658821,"Neutral",1.01155023228789,0.996118660214152,"Neutral","Neutral",FALSE,FALSE
"NRIP1",1.00901525237608,"chr21",14961235,15065936,"Neutral",1.01274479457127,0.997250672899617,"Neutral","Neutral",FALSE,FALSE
"MIR99AHG",1.01011555007357,"chr21",15928296,16646364,"Neutral",1.01389402099349,0.998196628364032,"Neutral","Neutral",FALSE,FALSE
"CXADR",1.01111516207554,"chr21",17513043,17593579,"Neutral",1.01495442925175,0.999004462836361,"Neutral","Neutral",FALSE,FALSE
"BTG3",1.01151814721138,"chr21",17593653,17612945,"Neutral",1.01542085125261,0.99920734082732,"Neutral","Neutral",FALSE,FALSE
"ADAMTS1",1.01161030435066,"chr21",26835755,26845409,"Neutral",1.01551595451369,0.999290204631857,"Neutral","Neutral",FALSE,FALSE
"TIAM1",1.01144268690154,"chr21",31118416,31559977,"Neutral",1.01537455848008,0.999039873565195,"Neutral","Neutral",FALSE,FALSE
"MIS18A",1.01145198776142,"chr21",32268228,32279049,"Neutral",1.01542731387122,0.998912100151647,"Neutral","Neutral",FALSE,FALSE
"EVA1C",1.01140546951149,"chr21",32412006,32515397,"Neutral",1.01543539081073,0.998693365202825,"Neutral","Neutral",FALSE,FALSE
"IFNGR2",1.0112211408696,"chr21",33403413,33479348,"Neutral",1.01525344642311,0.998501515597946,"Neutral","Neutral",FALSE,FALSE
"ITSN1",1.011240143107,"chr21",33642400,33899861,"Neutral",1.01529909194028,0.998436473476541,"Neutral","Neutral",FALSE,FALSE
"SLC5A3",1.01120159340915,"chr21",34073578,34106260,"Neutral",1.01530590381843,0.998254833866277,"Neutral","Neutral",FALSE,FALSE
"RCAN1",1.01112245884074,"chr21",34513142,34615113,"Neutral",1.01524219149164,0.998127050917568,"Neutral","Neutral",FALSE,FALSE
"RUNX1",1.0112000543291,"chr21",34787801,36004667,"Neutral",1.01537464437845,0.998031602587067,"Neutral","Neutral",FALSE,FALSE
"ETS2",1.0114875742677,"chr21",38805183,38824955,"Neutral",1.01571600172746,0.998149296187618,"Neutral","Neutral",FALSE,FALSE
"PCP4",1.01197221189015,"chr21",39867438,39929397,"Neutral",1.01628949452509,0.998353646387249,"Neutral","Neutral",FALSE,FALSE
"BACE2",1.01244116314338,"chr21",41167801,41282530,"Neutral",1.01682494723683,0.998612823450222,"Neutral","Neutral",FALSE,FALSE
"FAM3B",1.01248995865057,"chr21",41304212,41357727,"Neutral",1.01689928026455,0.998581062638656,"Neutral","Neutral",FALSE,FALSE
"MX2",1.01250377191854,"chr21",41361999,41409393,"Neutral",1.01694097455603,0.998506927171929,"Neutral","Neutral",FALSE,FALSE
"MX1",1.01300133064813,"chr21",41420020,41470071,"Neutral",1.01747018901559,0.998904630119891,"Neutral","Neutral",FALSE,FALSE
"ABCG1",1.01384436212516,"chr21",42199689,42297244,"Neutral",1.01837350113905,0.999557510522424,"Neutral","Neutral",FALSE,FALSE
"TMPRSS3",1.01489825312294,"chr21",42371887,42396091,"Neutral",1.01949079447492,1.00041140328814,"Neutral","Neutral",FALSE,FALSE
"RSPH1",1.01586262447919,"chr21",42472486,42496246,"Neutral",1.02053245949374,1.00113195720278,"Neutral","Neutral",FALSE,FALSE
"CSTB",1.01678953864743,"chr21",43772511,43776330,"Neutral",1.02154730627019,1.00178149412106,"Neutral","Neutral",FALSE,FALSE
"COL18A1",1.01757277326175,"chr21",45405165,45513720,"Neutral",1.02238237272109,1.00240122883937,"Neutral","Neutral",FALSE,FALSE
"COL6A1",1.01782255508238,"chr21",45981770,46005050,"Neutral",1.02266448075702,1.00254903987939,"Neutral","Neutral",FALSE,FALSE
"COL6A2",1.01799435456943,"chr21",46098112,46132848,"Neutral",1.02285778410935,1.00265300693048,"Neutral","Neutral",FALSE,FALSE
"IL17RA",0.935052360142068,"chr22",17084954,17115693,"Loss",0.933193222865722,0.940916878386007,"Loss","Loss",TRUE,FALSE
"ADA2",0.934616057813285,"chr22",17178790,17258235,"Loss",0.932745694516083,0.940515987753258,"Loss","Loss",TRUE,FALSE
"BID",0.934454768493233,"chr22",17734138,17774770,"Loss",0.932596068620737,0.940317906977378,"Loss","Loss",TRUE,FALSE
"USP18",0.934313925677096,"chr22",18150118,18177397,"Loss",0.932526938224149,0.939950852359612,"Loss","Loss",TRUE,FALSE
"RANBP1",0.934123264298421,"chr22",20115938,20127355,"Loss",0.932412489609793,0.939519783157127,"Loss","Loss",TRUE,FALSE
"SDF2L1",0.933563507657154,"chr22",21642302,21644299,"Loss",0.931883055273517,0.938864376929853,"Loss","Loss",TRUE,FALSE
"PRAME",0.932994849819801,"chr22",22547701,22559361,"Loss",0.931303295084822,0.938330740681715,"Loss","Loss",TRUE,FALSE
"IGLC2",0.932057103531536,"chr22",22900976,22901437,"Loss",0.930384498192615,0.937333219851623,"Loss","Loss",TRUE,FALSE
"IGLC3",0.931276867890366,"chr22",22906342,22906803,"Loss",0.929597675030486,0.936573764083644,"Loss","Loss",TRUE,FALSE
"IGLC7",0.930596938429481,"chr22",22922594,22923034,"Loss",0.928958183754296,0.935766275203175,"Loss","Loss",TRUE,FALSE
"DERL3",0.929938941438812,"chr22",23834503,23839128,"Loss",0.928305678239687,0.935090955736137,"Loss","Loss",TRUE,FALSE
"GRK3",0.929136338826899,"chr22",25564675,25729294,"Loss",0.9275357344976,0.934185333008192,"Loss","Loss",TRUE,FALSE
"XBP1",0.928462235082034,"chr22",28794555,28800597,"Loss",0.926923654517471,0.933315579644296,"Loss","Loss",TRUE,FALSE
"EMID1",0.927547393999589,"chr22",29205896,29259597,"Loss",0.925993383230864,0.93244941205948,"Loss","Loss",TRUE,FALSE
"AP1B1",0.926351979445159,"chr22",29327680,29388583,"Loss",0.924775326134519,0.931325421816657,"Loss","Loss",TRUE,FALSE
"OSM",0.925352230737873,"chr22",30262829,30266851,"Loss",0.923747920635461,0.930412914520741,"Loss","Loss",TRUE,FALSE
"TCN2",0.924391650729163,"chr22",30607003,30627271,"Loss",0.92276719334357,0.929515887704839,"Loss","Loss",TRUE,FALSE
"SELENOM",0.923436927566884,"chr22",31104772,31120069,"Loss",0.921789654455994,0.928633135149012,"Loss","Loss",TRUE,FALSE
"TIMP3",0.922257563619268,"chr22",32801705,32863041,"Loss",0.920580873998066,0.927546563521573,"Loss","Loss",TRUE,FALSE
"HMOX1",0.920822834741039,"chr22",35380361,35394214,"Loss",0.919115102116032,0.926209757623253,"Loss","Loss",TRUE,FALSE
"MCM5",0.919585825897899,"chr22",35400134,35425431,"Loss",0.917916593479223,0.924851302577459,"Loss","Loss",TRUE,FALSE
"RBFOX2",0.91841719019627,"chr22",35738736,36028824,"Loss",0.916766972308036,0.923622686872147,"Loss","Loss",TRUE,FALSE
"APOL3",0.916870046596337,"chr22",36140329,36166177,"Loss",0.915251868013605,0.921974477528427,"Loss","Loss",TRUE,FALSE
"APOL1",0.915442135866165,"chr22",36253071,36267530,"Loss",0.913878092002423,0.920375802621135,"Loss","Loss",TRUE,FALSE
"NCF4",0.913645394146848,"chr22",36860988,36878017,"Loss",0.912104968535621,0.918504558779502,"Loss","Loss",TRUE,FALSE
"IL2RB",0.912066317069372,"chr22",37118666,37175118,"Loss",0.910615680782884,0.91664224756986,"Loss","Loss",TRUE,FALSE
"RAC2",0.910811985352697,"chr22",37225270,37259594,"Loss",0.909439389273963,0.915141743487135,"Loss","Loss",TRUE,FALSE
"CYTH4",0.910278729923889,"chr22",37282027,37315341,"Loss",0.908988275724044,0.914349377258138,"Loss","Loss",TRUE,FALSE
"CDC42EP1",0.910068884646321,"chr22",37560480,37569405,"Loss",0.908865993297045,0.913863321105134,"Loss","Loss",TRUE,FALSE
"LGALS1",0.909607778854359,"chr22",37675636,37679802,"Loss",0.908459045181803,0.913231378717502,"Loss","Loss",TRUE,FALSE
"MAFF",0.909560575345584,"chr22",38200767,38216507,"Loss",0.908512682195627,0.912866080847415,"Loss","Loss",TRUE,FALSE
"KDELR3",0.909267202397702,"chr22",38468078,38483447,"Loss",0.908248361204272,0.912481065538724,"Loss","Loss",TRUE,FALSE
"FAM227A",0.908713789036482,"chr22",38578118,38656629,"Loss",0.907747236832567,0.911762710224655,"Loss","Loss",TRUE,FALSE
"APOBEC3A",0.907992187431972,"chr22",38952741,38963184,"Loss",0.907089581617592,0.910839394215926,"Loss","Loss",TRUE,FALSE
"APOBEC3G",0.907225418093423,"chr22",39077067,39087743,"Loss",0.906341971469761,0.910012188552993,"Loss","Loss",TRUE,FALSE
"RPL3",0.907091509825891,"chr22",39312882,39320389,"Loss",0.906283110974428,0.909641547347653,"Loss","Loss",TRUE,FALSE
"CENPM",0.906475561346599,"chr22",41938737,41947152,"Loss",0.905616485260713,0.909185456652721,"Loss","Loss",TRUE,FALSE
"NAGA",0.905747511290624,"chr22",42058334,42070842,"Loss",0.904864698872019,0.908532281194792,"Loss","Loss",TRUE,FALSE
"BIK",0.90504207536883,"chr22",43110750,43129712,"Loss",0.904175253754249,0.907776403402393,"Loss","Loss",TRUE,FALSE
"PARVB",0.904088457292293,"chr22",43999211,44172939,"Loss",0.903238629904073,0.90676917822981,"Loss","Loss",TRUE,FALSE
"PARVG",0.903094617677055,"chr22",44172956,44219533,"Loss",0.902246950333026,0.905768524906552,"Loss","Loss",TRUE,FALSE
"KIAA0930",0.902350746836688,"chr22",45192244,45240894,"Loss",0.901498653225346,0.905038616416216,"Loss","Loss",TRUE,FALSE
"FBLN1",0.901693516898451,"chr22",45502238,45601135,"Loss",0.900882773927963,0.904250948779394,"Loss","Loss",TRUE,FALSE
"GTSE1",0.900720693846842,"chr22",46296870,46330810,"Loss",0.899925832893791,0.903228027016837,"Loss","Loss",TRUE,FALSE
"CELSR1",0.8995563862694,"chr22",46360834,46537620,"Loss",0.898797076267747,0.90195157645474,"Loss","Loss",TRUE,FALSE
"CRELD2",0.898030537899767,"chr22",49918167,49927540,"Loss",0.89728422525668,0.900384728828403,"Loss","Loss",TRUE,FALSE
"PIM3",0.896441062492874,"chr22",49960768,49964072,"Loss",0.895761247580575,0.898585490990116,"Loss","Loss",TRUE,FALSE
"TYMP",0.894632044139191,"chr22",50525752,50530032,"Loss",0.894017079072868,0.896571908342183,"Loss","Loss",TRUE,FALSE
"ODF3B",0.893882871368649,"chr22",50529710,50532506,"Loss",0.893323044738363,0.89564880523944,"Loss","Loss",TRUE,FALSE
